#pragma once
#include <vector>
#include <cstdint>
#include <cstddef>

namespace _blob {
    constexpr uint8_t KEY = 0x9C;

    constexpr size_t SPOOF_SZ = 13312;
    constexpr size_t CLEAN_SZ = 8704;

    inline const std::vector<uint8_t>& getSpoof() {
        static std::vector<uint8_t> b;
        if (b.empty()) {
            b.reserve(SPOOF_SZ);
            alignas(64) static constexpr uint8_t x[] = {
                0x4D, 0x5A, 0x90, 0x00, 0x03, 0x00, 0x00, 0x00, 0x04, 0x00, 0x00, 0x00,
                0xFF, 0xFF, 0x00, 0x00, 0xB8, 0x00, 0x00, 0x00, 0x00, 0x00, 0x00, 0x00,
                0x40, 0x00, 0x00, 0x00, 0x00, 0x00, 0x00, 0x00, 0x00, 0x00, 0x00, 0x00,
                0x00, 0x00, 0x00, 0x00, 0x00, 0x00, 0x00, 0x00, 0x00, 0x00, 0x00, 0x00,
                0x00, 0x00, 0x00, 0x00, 0x00, 0x00, 0x00, 0x00, 0x00, 0x00, 0x00, 0x00,
                0xD0, 0x00, 0x00, 0x00, 0x0E, 0x1F, 0xBA, 0x0E, 0x00, 0xB4, 0x09, 0xCD,
                0x21, 0xB8, 0x01, 0x4C, 0xCD, 0x21, 0x54, 0x68, 0x69, 0x73, 0x20, 0x70,
                0x72, 0x6F, 0x67, 0x72, 0x61, 0x6D, 0x20, 0x63, 0x61, 0x6E, 0x6E, 0x6F,
                0x74, 0x20, 0x62, 0x65, 0x20, 0x72, 0x75, 0x6E, 0x20, 0x69, 0x6E, 0x20,
                0x44, 0x4F, 0x53, 0x20, 0x6D, 0x6F, 0x64, 0x65, 0x2E, 0x0D, 0x0D, 0x0A,
                0x24, 0x00, 0x00, 0x00, 0x00, 0x00, 0x00, 0x00, 0xF3, 0xEE, 0x46, 0xEA,
                0xB7, 0x8F, 0x28, 0xB9, 0xB7, 0x8F, 0x28, 0xB9, 0xB7, 0x8F, 0x28, 0xB9,
                0xCE, 0x0E, 0x2B, 0xB8, 0xB5, 0x8F, 0x28, 0xB9, 0xCE, 0x0E, 0x2C, 0xB8,
                0xB6, 0x8F, 0x28, 0xB9, 0xCE, 0x0E, 0x29, 0xB8, 0xB4, 0x8F, 0x28, 0xB9,
                0xB7, 0x8F, 0x29, 0xB9, 0xA1, 0x8F, 0x28, 0xB9, 0x2B, 0x06, 0x2D, 0xB8,
                0xB2, 0x8F, 0x28, 0xB9, 0x2B, 0x06, 0x2A, 0xB8, 0xB6, 0x8F, 0x28, 0xB9,
                0x52, 0x69, 0x63, 0x68, 0xB7, 0x8F, 0x28, 0xB9, 0x00, 0x00, 0x00, 0x00,
                0x00, 0x00, 0x00, 0x00, 0x50, 0x45, 0x00, 0x00, 0x64, 0x86, 0x05, 0x00,
                0x4D, 0x90, 0xA5, 0x6A, 0x00, 0x00, 0x00, 0x00, 0x00, 0x00, 0x00, 0x00,
                0xF0, 0x00, 0x22, 0x00, 0x0B, 0x02, 0x0E, 0x2C, 0x00, 0x22, 0x00, 0x00,
                0x00, 0x1E, 0x00, 0x00, 0x00, 0x00, 0x00, 0x00, 0x10, 0x15, 0x00, 0x00,
                0x00, 0x10, 0x00, 0x00, 0x00, 0x00, 0x00, 0x40, 0x01, 0x00, 0x00, 0x00,
                0x00, 0x10, 0x00, 0x00, 0x00, 0x02, 0x00, 0x00, 0x0A, 0x00, 0x00, 0x00,
                0x0A, 0x00, 0x00, 0x00, 0x0A, 0x00, 0x00, 0x00, 0x00, 0x00, 0x00, 0x00,
                0x00, 0x90, 0x00, 0x00, 0x00, 0x04, 0x00, 0x00, 0xC2, 0xB8, 0x00, 0x00,
                0x01, 0x00, 0x60, 0x01, 0x00, 0x00, 0x10, 0x00, 0x00, 0x00, 0x00, 0x00,
                0x00, 0x10, 0x00, 0x00, 0x00, 0x00, 0x00, 0x00, 0x00, 0x00, 0x10, 0x00,
                0x00, 0x00, 0x00, 0x00, 0x00, 0x10, 0x00, 0x00, 0x00, 0x00, 0x00, 0x00,
                0x00, 0x00, 0x00, 0x00, 0x10, 0x00, 0x00, 0x00, 0x00, 0x00, 0x00, 0x00,
                0x00, 0x00, 0x00, 0x00, 0x00, 0x80, 0x00, 0x00, 0x28, 0x00, 0x00, 0x00,
                0x00, 0x00, 0x00, 0x00, 0x00, 0x00, 0x00, 0x00, 0x00, 0x70, 0x00, 0x00,
                0x50, 0x01, 0x00, 0x00, 0x00, 0x00, 0x00, 0x00, 0x00, 0x00, 0x00, 0x00,
                0x00, 0x00, 0x00, 0x00, 0x00, 0x00, 0x00, 0x00, 0xE0, 0x40, 0x00, 0x00,
                0x38, 0x00, 0x00, 0x00, 0x00, 0x00, 0x00, 0x00, 0x00, 0x00, 0x00, 0x00,
                0x00, 0x00, 0x00, 0x00, 0x00, 0x00, 0x00, 0x00, 0x00, 0x00, 0x00, 0x00,
                0x00, 0x00, 0x00, 0x00, 0x00, 0x00, 0x00, 0x00, 0x00, 0x00, 0x00, 0x00,
                0x00, 0x00, 0x00, 0x00, 0x00, 0x00, 0x00, 0x00, 0x00, 0x40, 0x00, 0x00,
                0xB8, 0x00, 0x00, 0x00, 0x00, 0x00, 0x00, 0x00, 0x00, 0x00, 0x00, 0x00,
                0x00, 0x00, 0x00, 0x00, 0x00, 0x00, 0x00, 0x00, 0x00, 0x00, 0x00, 0x00,
                0x00, 0x00, 0x00, 0x00, 0x2E, 0x74, 0x65, 0x78, 0x74, 0x00, 0x00, 0x00,
                0x46, 0x20, 0x00, 0x00, 0x00, 0x10, 0x00, 0x00, 0x00, 0x22, 0x00, 0x00,
                0x00, 0x04, 0x00, 0x00, 0x00, 0x00, 0x00, 0x00, 0x00, 0x00, 0x00, 0x00,
                0x00, 0x00, 0x00, 0x00, 0x20, 0x00, 0x00, 0x68, 0x2E, 0x72, 0x64, 0x61,
                0x74, 0x61, 0x00, 0x00, 0x3C, 0x05, 0x00, 0x00, 0x00, 0x40, 0x00, 0x00,
                0x00, 0x06, 0x00, 0x00, 0x00, 0x26, 0x00, 0x00, 0x00, 0x00, 0x00, 0x00,
                0x00, 0x00, 0x00, 0x00, 0x00, 0x00, 0x00, 0x00, 0x40, 0x00, 0x00, 0x48,
                0x2E, 0x64, 0x61, 0x74, 0x61, 0x00, 0x00, 0x00, 0x34, 0x10, 0x00, 0x00,
                0x00, 0x50, 0x00, 0x00, 0x00, 0x02, 0x00, 0x00, 0x00, 0x2C, 0x00, 0x00,
                0x00, 0x00, 0x00, 0x00, 0x00, 0x00, 0x00, 0x00, 0x00, 0x00, 0x00, 0x00,
                0x40, 0x00, 0x00, 0xC8, 0x2E, 0x70, 0x64, 0x61, 0x74, 0x61, 0x00, 0x00,
                0x50, 0x01, 0x00, 0x00, 0x00, 0x70, 0x00, 0x00, 0x00, 0x02, 0x00, 0x00,
                0x00, 0x2E, 0x00, 0x00, 0x00, 0x00, 0x00, 0x00, 0x00, 0x00, 0x00, 0x00,
                0x00, 0x00, 0x00, 0x00, 0x40, 0x00, 0x00, 0x48, 0x49, 0x4E, 0x49, 0x54,
                0x00, 0x00, 0x00, 0x00, 0xB0, 0x02, 0x00, 0x00, 0x00, 0x80, 0x00, 0x00,
                0x00, 0x04, 0x00, 0x00, 0x00, 0x30, 0x00, 0x00, 0x00, 0x00, 0x00, 0x00,
                0x00, 0x00, 0x00, 0x00, 0x00, 0x00, 0x00, 0x00, 0x40, 0x00, 0x00, 0xCA,
                0x00, 0x00, 0x00, 0x00, 0x00, 0x00, 0x00, 0x00, 0x00, 0x00, 0x00, 0x00,
                0x00, 0x00, 0x00, 0x00, 0x00, 0x00, 0x00, 0x00, 0x00, 0x00, 0x00, 0x00,
                0x00, 0x00, 0x00, 0x00, 0x00, 0x00, 0x00, 0x00, 0x00, 0x00, 0x00, 0x00,
                0x00, 0x00, 0x00, 0x00, 0x00, 0x00, 0x00, 0x00, 0x00, 0x00, 0x00, 0x00,
                0x00, 0x00, 0x00, 0x00, 0x00, 0x00, 0x00, 0x00, 0x00, 0x00, 0x00, 0x00,
                0x00, 0x00, 0x00, 0x00, 0x00, 0x00, 0x00, 0x00, 0x00, 0x00, 0x00, 0x00,
                0x00, 0x00, 0x00, 0x00, 0x00, 0x00, 0x00, 0x00, 0x00, 0x00, 0x00, 0x00,
                0x00, 0x00, 0x00, 0x00, 0x00, 0x00, 0x00, 0x00, 0x00, 0x00, 0x00, 0x00,
                0x00, 0x00, 0x00, 0x00, 0x00, 0x00, 0x00, 0x00, 0x00, 0x00, 0x00, 0x00,
                0x00, 0x00, 0x00, 0x00, 0x00, 0x00, 0x00, 0x00, 0x00, 0x00, 0x00, 0x00,
                0x00, 0x00, 0x00, 0x00, 0x00, 0x00, 0x00, 0x00, 0x00, 0x00, 0x00, 0x00,
                0x00, 0x00, 0x00, 0x00, 0x00, 0x00, 0x00, 0x00, 0x00, 0x00, 0x00, 0x00,
                0x00, 0x00, 0x00, 0x00, 0x00, 0x00, 0x00, 0x00, 0x00, 0x00, 0x00, 0x00,
                0x00, 0x00, 0x00, 0x00, 0x00, 0x00, 0x00, 0x00, 0x00, 0x00, 0x00, 0x00,
                0x00, 0x00, 0x00, 0x00, 0x00, 0x00, 0x00, 0x00, 0x00, 0x00, 0x00, 0x00,
                0x00, 0x00, 0x00, 0x00, 0x00, 0x00, 0x00, 0x00, 0x00, 0x00, 0x00, 0x00,
                0x00, 0x00, 0x00, 0x00, 0x00, 0x00, 0x00, 0x00, 0x00, 0x00, 0x00, 0x00,
                0x00, 0x00, 0x00, 0x00, 0x00, 0x00, 0x00, 0x00, 0x00, 0x00, 0x00, 0x00,
                0x00, 0x00, 0x00, 0x00, 0x00, 0x00, 0x00, 0x00, 0x00, 0x00, 0x00, 0x00,
                0x00, 0x00, 0x00, 0x00, 0x00, 0x00, 0x00, 0x00, 0x00, 0x00, 0x00, 0x00,
                0x00, 0x00, 0x00, 0x00, 0x00, 0x00, 0x00, 0x00, 0x00, 0x00, 0x00, 0x00,
                0x00, 0x00, 0x00, 0x00, 0x00, 0x00, 0x00, 0x00, 0x00, 0x00, 0x00, 0x00,
                0x00, 0x00, 0x00, 0x00, 0x00, 0x00, 0x00, 0x00, 0x00, 0x00, 0x00, 0x00,
                0x00, 0x00, 0x00, 0x00, 0x00, 0x00, 0x00, 0x00, 0x00, 0x00, 0x00, 0x00,
                0x00, 0x00, 0x00, 0x00, 0x00, 0x00, 0x00, 0x00, 0x00, 0x00, 0x00, 0x00,
                0x00, 0x00, 0x00, 0x00, 0x00, 0x00, 0x00, 0x00, 0x00, 0x00, 0x00, 0x00,
                0x00, 0x00, 0x00, 0x00, 0x00, 0x00, 0x00, 0x00, 0x00, 0x00, 0x00, 0x00,
                0x00, 0x00, 0x00, 0x00, 0x00, 0x00, 0x00, 0x00, 0x00, 0x00, 0x00, 0x00,
                0x00, 0x00, 0x00, 0x00, 0x00, 0x00, 0x00, 0x00, 0x00, 0x00, 0x00, 0x00,
                0x00, 0x00, 0x00, 0x00, 0x48, 0x8B, 0xC4, 0x48, 0x89, 0x58, 0x08, 0x48,
                0x89, 0x70, 0x10, 0x48, 0x89, 0x78, 0x18, 0x55, 0x48, 0x8D, 0x68, 0xA1,
                0x48, 0x81, 0xEC, 0xA0, 0x00, 0x00, 0x00, 0x8B, 0x05, 0x97, 0x1C, 0x00,
                0x00, 0x48, 0x8D, 0x4D, 0xD7, 0xF2, 0x0F, 0x10, 0x05, 0x83, 0x1C, 0x00,
                0x00, 0x89, 0x45, 0xDF, 0x8A, 0x05, 0x86, 0x1C, 0x00, 0x00, 0x88, 0x45,
                0xE3, 0xF2, 0x0F, 0x11, 0x45, 0xD7, 0xE8, 0x35, 0x12, 0x00, 0x00, 0x4C,
                0x8B, 0xC8, 0x48, 0x85, 0xC0, 0x0F, 0x84, 0xC5, 0x00, 0x00, 0x00, 0x8B,
                0x0D, 0x73, 0x1C, 0x00, 0x00, 0x4C, 0x8D, 0x45, 0xE7, 0xF2, 0x0F, 0x10,
                0x05, 0x5F, 0x1C, 0x00, 0x00, 0x48, 0x8D, 0x55, 0xF7, 0x8B, 0x05, 0x6D,
                0x1C, 0x00, 0x00, 0x89, 0x4D, 0xFF, 0x8A, 0x0D, 0x58, 0x1C, 0x00, 0x00,
                0xF2, 0x0F, 0x11, 0x45, 0xF7, 0xF2, 0x0F, 0x10, 0x05, 0x4F, 0x1C, 0x00,
                0x00, 0x89, 0x45, 0xEF, 0x8A, 0x05, 0x52, 0x1C, 0x00, 0x00, 0x88, 0x4D,
                0x03, 0x49, 0x8B, 0xC9, 0xF2, 0x0F, 0x11, 0x45, 0xE7, 0x88, 0x45, 0xF3,
                0xE8, 0xEB, 0x10, 0x00, 0x00, 0x48, 0x8B, 0xF0, 0x48, 0x85, 0xC0, 0x74,
                0x6F, 0xBB, 0x25, 0x02, 0x00, 0xC0, 0x33, 0xFF, 0x8B, 0x05, 0x4E, 0x1C,
                0x00, 0x00, 0x4C, 0x8D, 0x45, 0x07, 0x0F, 0x10, 0x05, 0x23, 0x1C, 0x00,
                0x00, 0x89, 0x45, 0x27, 0x44, 0x8B, 0xCF, 0x0F, 0x10, 0x0D, 0x26, 0x1C,
                0x00, 0x00, 0x0F, 0xB7, 0x05, 0x33, 0x1C, 0x00, 0x00, 0x48, 0x8D, 0x4D,
                0x2F, 0xBA, 0x24, 0x00, 0x00, 0x00, 0x66, 0x89, 0x45, 0x2B, 0x0F, 0x11,
                0x45, 0x07, 0x0F, 0x11, 0x4D, 0x17, 0xE8, 0xB9, 0x03, 0x00, 0x00, 0x48,
                0x8D, 0x4D, 0x2F, 0xE8, 0x58, 0x03, 0x00, 0x00, 0x48, 0x85, 0xC0, 0x74,
                0x10, 0x48, 0x8B, 0xD6, 0x48, 0x8B, 0xC8, 0xE8, 0x3C, 0x02, 0x00, 0x00,
                0x85, 0xC0, 0x0F, 0x49, 0xD8, 0xFF, 0xC7, 0x83, 0xFF, 0x02, 0x7C, 0x9C,
                0x8B, 0xC3, 0xEB, 0x05, 0xB8, 0x01, 0x00, 0x00, 0xC0, 0x4C, 0x8D, 0x9C,
                0x24, 0xA0, 0x00, 0x00, 0x00, 0x49, 0x8B, 0x5B, 0x10, 0x49, 0x8B, 0x73,
                0x18, 0x49, 0x8B, 0x7B, 0x20, 0x49, 0x8B, 0xE3, 0x5D, 0xC3, 0xCC, 0xCC,
                0x40, 0x53, 0x56, 0x57, 0x48, 0x81, 0xEC, 0xE0, 0x02, 0x00, 0x00, 0xF2,
                0x0F, 0x10, 0x05, 0xC9, 0x1B, 0x00, 0x00, 0xF2, 0x0F, 0x11, 0x44, 0x24,
                0x40, 0x8A, 0x05, 0xC5, 0x1B, 0x00, 0x00, 0x88, 0x44, 0x24, 0x48, 0x48,
                0x8D, 0x4C, 0x24, 0x40, 0xE8, 0x17, 0x11, 0x00, 0x00, 0x4C, 0x8B, 0xC8,
                0x33, 0xDB, 0x48, 0x85, 0xC0, 0x0F, 0x84, 0xBF, 0x01, 0x00, 0x00, 0x0F,
                0x10, 0x05, 0xAA, 0x1B, 0x00, 0x00, 0x0F, 0x11, 0x84, 0x24, 0xA0, 0x00,
                0x00, 0x00, 0x0F, 0x10, 0x0D, 0xAB, 0x1B, 0x00, 0x00, 0x0F, 0x11, 0x8C,
                0x24, 0xB0, 0x00, 0x00, 0x00, 0x8B, 0x0D, 0xAD, 0x1B, 0x00, 0x00, 0x89,
                0x8C, 0x24, 0xC0, 0x00, 0x00, 0x00, 0x0F, 0xB7, 0x0D, 0xA3, 0x1B, 0x00,
                0x00, 0x66, 0x89, 0x8C, 0x24, 0xC4, 0x00, 0x00, 0x00, 0x0F, 0x10, 0x05,
                0xA0, 0x1B, 0x00, 0x00, 0x0F, 0x11, 0x44, 0x24, 0x78, 0x0F, 0x10, 0x0D,
                0xA4, 0x1B, 0x00, 0x00, 0x0F, 0x11, 0x8C, 0x24, 0x88, 0x00, 0x00, 0x00,
                0x8B, 0x05, 0xA6, 0x1B, 0x00, 0x00, 0x89, 0x84, 0x24, 0x98, 0x00, 0x00,
                0x00, 0x0F, 0xB7, 0x05, 0x9C, 0x1B, 0x00, 0x00, 0x66, 0x89, 0x84, 0x24,
                0x9C, 0x00, 0x00, 0x00, 0x4C, 0x8D, 0x44, 0x24, 0x78, 0x48, 0x8D, 0x94,
                0x24, 0xA0, 0x00, 0x00, 0x00, 0x49, 0x8B, 0xC9, 0xE8, 0x93, 0x0F, 0x00,
                0x00, 0x48, 0x8B, 0xF0, 0x48, 0x89, 0x84, 0x24, 0x18, 0x03, 0x00, 0x00,
                0x48, 0x85, 0xC0, 0x0F, 0x84, 0x25, 0x01, 0x00, 0x00, 0x0F, 0x10, 0x05,
                0x70, 0x1B, 0x00, 0x00, 0x0F, 0x11, 0x44, 0x24, 0x58, 0xF2, 0x0F, 0x10,
                0x05, 0x73, 0x1B, 0x00, 0x00, 0xF2, 0x0F, 0x11, 0x44, 0x24, 0x68, 0x0F,
                0xB7, 0x0D, 0x6E, 0x1B, 0x00, 0x00, 0x66, 0x89, 0x4C, 0x24, 0x70, 0x48,
                0x8D, 0x54, 0x24, 0x58, 0x48, 0x8D, 0x8C, 0x24, 0xC8, 0x00, 0x00, 0x00,
                0xFF, 0x15, 0xC6, 0x2D, 0x00, 0x00, 0x48, 0x89, 0x9C, 0x24, 0x10, 0x03,
                0x00, 0x00, 0x48, 0x8D, 0x84, 0x24, 0x10, 0x03, 0x00, 0x00, 0x48, 0x89,
                0x44, 0x24, 0x38, 0x48, 0x89, 0x5C, 0x24, 0x30, 0x88, 0x5C, 0x24, 0x28,
                0x48, 0x8B, 0x05, 0xE1, 0x2D, 0x00, 0x00, 0x48, 0x8B, 0x08, 0x48, 0x89,
                0x4C, 0x24, 0x20, 0x45, 0x33, 0xC9, 0x45, 0x33, 0xC0, 0xBA, 0x40, 0x02,
                0x00, 0x00, 0x48, 0x8D, 0x8C, 0x24, 0xC8, 0x00, 0x00, 0x00, 0xE8, 0x96,
                0x14, 0x00, 0x00, 0x85, 0xC0, 0x0F, 0x88, 0x9F, 0x00, 0x00, 0x00, 0xBF,
                0x00, 0x02, 0x00, 0x00, 0x44, 0x8B, 0xC7, 0x33, 0xD2, 0x48, 0x8D, 0x8C,
                0x24, 0xE0, 0x00, 0x00, 0x00, 0xE8, 0x5A, 0x15, 0x00, 0x00, 0x89, 0x9C,
                0x24, 0x00, 0x03, 0x00, 0x00, 0x4C, 0x8D, 0x8C, 0x24, 0x00, 0x03, 0x00,
                0x00, 0x44, 0x8B, 0xC7, 0x48, 0x8D, 0x94, 0x24, 0xE0, 0x00, 0x00, 0x00,
                0x48, 0x8B, 0x8C, 0x24, 0x10, 0x03, 0x00, 0x00, 0xFF, 0x15, 0x5A, 0x2D,
                0x00, 0x00, 0x85, 0xC0, 0x78, 0x5C, 0x89, 0x9C, 0x24, 0x08, 0x03, 0x00,
                0x00, 0x3B, 0x9C, 0x24, 0x00, 0x03, 0x00, 0x00, 0x73, 0x3A, 0x8B, 0xC3,
                0x48, 0x8B, 0xBC, 0xC4, 0xE0, 0x00, 0x00, 0x00, 0x48, 0x89, 0x7C, 0x24,
                0x50, 0x33, 0xD2, 0x48, 0x8B, 0x4F, 0x40, 0xFF, 0xD6, 0xEB, 0x14, 0x48,
                0x8B, 0xB4, 0x24, 0x18, 0x03, 0x00, 0x00, 0x8B, 0x9C, 0x24, 0x08, 0x03,
                0x00, 0x00, 0x48, 0x8B, 0x7C, 0x24, 0x50, 0x48, 0x8B, 0xCF, 0xFF, 0x15,
                0x08, 0x2D, 0x00, 0x00, 0xFF, 0xC3, 0xEB, 0xB6, 0x48, 0x8B, 0x8C, 0x24,
                0x10, 0x03, 0x00, 0x00, 0xFF, 0x15, 0xF6, 0x2C, 0x00, 0x00, 0x33, 0xC0,
                0xEB, 0x05, 0xB8, 0x01, 0x00, 0x00, 0xC0, 0x48, 0x81, 0xC4, 0xE0, 0x02,
                0x00, 0x00, 0x5F, 0x5E, 0x5B, 0xC3, 0xCC, 0xCC, 0x48, 0x89, 0x5C, 0x24,
                0x18, 0x48, 0x89, 0x74, 0x24, 0x20, 0x48, 0x89, 0x54, 0x24, 0x10, 0x57,
                0x41, 0x54, 0x41, 0x55, 0x41, 0x56, 0x41, 0x57, 0x48, 0x83, 0xEC, 0x30,
                0x4C, 0x8B, 0xE2, 0xBB, 0x25, 0x02, 0x00, 0xC0, 0x33, 0xFF, 0x41, 0xBD,
                0x00, 0x02, 0x00, 0x00, 0x48, 0x85, 0xC9, 0x0F, 0x84, 0xBA, 0x00, 0x00,
                0x00, 0x4C, 0x8B, 0x71, 0x10, 0x4C, 0x89, 0x74, 0x24, 0x60, 0x83, 0x79,
                0x48, 0x07, 0x0F, 0x85, 0x9F, 0x00, 0x00, 0x00, 0x4C, 0x8B, 0x79, 0x40,
                0x41, 0x0F, 0xB7, 0x77, 0x70, 0x66, 0x85, 0xF6, 0x74, 0x74, 0x66, 0x41,
                0x3B, 0xF5, 0x77, 0x6E, 0x8B, 0xD6, 0x41, 0x0F, 0xB7, 0x4F, 0x72, 0x8D,
                0x46, 0x01, 0x0F, 0xAE, 0xE8, 0x3B, 0xC8, 0x72, 0x18, 0x49, 0x8B, 0x4F,
                0x78, 0xE8, 0x22, 0x12, 0x00, 0x00, 0x49, 0x8B, 0x47, 0x78, 0x40, 0x88,
                0x3C, 0x06, 0x66, 0x41, 0x89, 0x77, 0x70, 0xEB, 0x39, 0x48, 0x8D, 0x56,
                0x01, 0x41, 0xB8, 0x4E, 0x69, 0x53, 0x70, 0x41, 0x8B, 0xCD, 0xFF, 0x15,
                0x38, 0x2C, 0x00, 0x00, 0x48, 0x8B, 0xD8, 0x48, 0x85, 0xC0, 0x74, 0x1E,
                0x0F, 0xAE, 0xE8, 0x8B, 0xD6, 0x48, 0x8B, 0xC8, 0xE8, 0xEB, 0x11, 0x00,
                0x00, 0x40, 0x88, 0x3C, 0x1E, 0x48, 0x8B, 0xD3, 0x49, 0x8D, 0x4F, 0x70,
                0xFF, 0x15, 0x02, 0x2C, 0x00, 0x00, 0x8B, 0xDF, 0x89, 0x5C, 0x24, 0x20,
                0x49, 0x8B, 0xCF, 0x41, 0xFF, 0xD4, 0xEB, 0x1B, 0xBB, 0x01, 0x00, 0x00,
                0xC0, 0x89, 0x5C, 0x24, 0x20, 0x33, 0xFF, 0x41, 0xBD, 0x00, 0x02, 0x00,
                0x00, 0x4C, 0x8B, 0x64, 0x24, 0x68, 0x4C, 0x8B, 0x74, 0x24, 0x60, 0x49,
                0x8B, 0xCE, 0xE9, 0x3D, 0xFF, 0xFF, 0xFF, 0x8B, 0xC3, 0x48, 0x8B, 0x5C,
                0x24, 0x70, 0x48, 0x8B, 0x74, 0x24, 0x78, 0x48, 0x83, 0xC4, 0x30, 0x41,
                0x5F, 0x41, 0x5E, 0x41, 0x5D, 0x41, 0x5C, 0x5F, 0xC3, 0xCC, 0xCC, 0xCC,
                0x48, 0x83, 0xEC, 0x38, 0x48, 0x8B, 0xD1, 0x48, 0x8D, 0x4C, 0x24, 0x20,
                0xFF, 0x15, 0xAA, 0x2B, 0x00, 0x00, 0x4C, 0x8D, 0x4C, 0x24, 0x48, 0x48,
                0xC7, 0x44, 0x24, 0x50, 0x00, 0x00, 0x00, 0x00, 0x4C, 0x8D, 0x44, 0x24,
                0x50, 0x48, 0xC7, 0x44, 0x24, 0x48, 0x00, 0x00, 0x00, 0x00, 0xBA, 0x01,
                0x00, 0x00, 0x00, 0x48, 0x8D, 0x4C, 0x24, 0x20, 0xFF, 0x15, 0x8E, 0x2B,
                0x00, 0x00, 0x85, 0xC0, 0x79, 0x04, 0x33, 0xC0, 0xEB, 0x0D, 0x48, 0x8B,
                0x44, 0x24, 0x48, 0x48, 0x8B, 0x40, 0x08, 0x48, 0x8B, 0x40, 0x08, 0x48,
                0x83, 0xC4, 0x38, 0xC3, 0x4C, 0x89, 0x44, 0x24, 0x18, 0x4C, 0x89, 0x4C,
                0x24, 0x20, 0x53, 0x56, 0x57, 0x48, 0x83, 0xEC, 0x20, 0x48, 0xD1, 0xEA,
                0x48, 0x8B, 0xF1, 0x74, 0x3C, 0x48, 0x81, 0xFA, 0xFF, 0xFF, 0xFF, 0x7F,
                0x77, 0x33, 0x48, 0x8D, 0x7A, 0xFF, 0x33, 0xDB, 0x48, 0x8B, 0xD7, 0x4C,
                0x8D, 0x4C, 0x24, 0x58, 0xE8, 0x3E, 0x12, 0x00, 0x00, 0x85, 0xC0, 0x78,
                0x0F, 0x48, 0x98, 0x48, 0x3B, 0xC7, 0x77, 0x08, 0x75, 0x0F, 0x66, 0x89,
                0x1C, 0x7E, 0xEB, 0x09, 0x66, 0x89, 0x1C, 0x7E, 0xBB, 0x05, 0x00, 0x00,
                0x80, 0x8B, 0xC3, 0xEB, 0x0F, 0x33, 0xDB, 0xB8, 0x0D, 0x00, 0x00, 0xC0,
                0x48, 0x85, 0xD2, 0x74, 0x03, 0x66, 0x89, 0x19, 0x48, 0x83, 0xC4, 0x20,
                0x5F, 0x5E, 0x5B, 0xC3, 0x48, 0x83, 0xEC, 0x28, 0xE8, 0xBB, 0x0E, 0x00,
                0x00, 0xE8, 0x16, 0xFC, 0xFF, 0xFF, 0xE8, 0xDD, 0xFA, 0xFF, 0xFF, 0xE8,
                0x9C, 0x06, 0x00, 0x00, 0xE8, 0x07, 0x00, 0x00, 0x00, 0x33, 0xC0, 0x48,
                0x83, 0xC4, 0x28, 0xC3, 0x48, 0x89, 0x5C, 0x24, 0x18, 0x56, 0x57, 0x41,
                0x54, 0x41, 0x56, 0x41, 0x57, 0x48, 0x83, 0xEC, 0x70, 0xF2, 0x0F, 0x10,
                0x05, 0x73, 0x18, 0x00, 0x00, 0xF2, 0x0F, 0x11, 0x44, 0x24, 0x28, 0x8A,
                0x05, 0x6F, 0x18, 0x00, 0x00, 0x88, 0x44, 0x24, 0x30, 0x48, 0x8D, 0x4C,
                0x24, 0x28, 0xE8, 0x11, 0x0D, 0x00, 0x00, 0x48, 0x8B, 0xD8, 0x45, 0x33,
                0xFF, 0x48, 0x85, 0xC0, 0x0F, 0x84, 0x74, 0x01, 0x00, 0x00, 0x8B, 0x0D,
                0x54, 0x18, 0x00, 0x00, 0x89, 0x8C, 0x24, 0xA8, 0x00, 0x00, 0x00, 0x0F,
                0xB7, 0x0D, 0x4A, 0x18, 0x00, 0x00, 0x66, 0x89, 0x8C, 0x24, 0xAC, 0x00,
                0x00, 0x00, 0x8A, 0x0D, 0x3E, 0x18, 0x00, 0x00, 0x88, 0x8C, 0x24, 0xAE,
                0x00, 0x00, 0x00, 0x8B, 0x0D, 0x3B, 0x18, 0x00, 0x00, 0x89, 0x8C, 0x24,
                0xA0, 0x00, 0x00, 0x00, 0x0F, 0xB7, 0x05, 0x31, 0x18, 0x00, 0x00, 0x66,
                0x89, 0x84, 0x24, 0xA4, 0x00, 0x00, 0x00, 0x8A, 0x05, 0x25, 0x18, 0x00,
                0x00, 0x88, 0x84, 0x24, 0xA6, 0x00, 0x00, 0x00, 0x4C, 0x8D, 0x84, 0x24,
                0xA0, 0x00, 0x00, 0x00, 0x48, 0x8D, 0x94, 0x24, 0xA8, 0x00, 0x00, 0x00,
                0x48, 0x8B, 0xCB, 0xE8, 0xA8, 0x0B, 0x00, 0x00, 0x48, 0x8B, 0xF8, 0x48,
                0x85, 0xC0, 0x0F, 0x84, 0xFE, 0x00, 0x00, 0x00, 0x0F, 0x10, 0x05, 0xFD,
                0x17, 0x00, 0x00, 0x0F, 0x11, 0x44, 0x24, 0x50, 0x0F, 0xB7, 0x0D, 0x01,
                0x18, 0x00, 0x00, 0x66, 0x89, 0x4C, 0x24, 0x60, 0x0F, 0x10, 0x05, 0x05,
                0x18, 0x00, 0x00, 0x0F, 0x11, 0x44, 0x24, 0x38, 0x0F, 0xB7, 0x0D, 0x09,
                0x18, 0x00, 0x00, 0x66, 0x89, 0x4C, 0x24, 0x48, 0x4C, 0x8D, 0x44, 0x24,
                0x38, 0x48, 0x8D, 0x54, 0x24, 0x50, 0x48, 0x8B, 0xCB, 0xE8, 0x5A, 0x0B,
                0x00, 0x00, 0x48, 0x85, 0xC0, 0x0F, 0x84, 0xB3, 0x00, 0x00, 0x00, 0x44,
                0x8B, 0x70, 0x0C, 0x48, 0x63, 0x47, 0x06, 0x48, 0x8B, 0x7C, 0x38, 0x0A,
                0xB9, 0x25, 0x02, 0x00, 0xC0, 0x45, 0x8D, 0x67, 0x20, 0x48, 0x85, 0xFF,
                0x0F, 0x84, 0x85, 0x00, 0x00, 0x00, 0x49, 0x8B, 0x34, 0x3E, 0x48, 0x85,
                0xF6, 0x75, 0x02, 0xEB, 0x71, 0x48, 0x8B, 0xCF, 0xE8, 0x9B, 0x00, 0x00,
                0x00, 0x0F, 0xB7, 0x86, 0x64, 0x04, 0x00, 0x00, 0x66, 0x41, 0x3B, 0xC4,
                0x76, 0x03, 0x41, 0x8B, 0xC4, 0x66, 0x85, 0xC0, 0x74, 0x1C, 0x48, 0x8D,
                0x9E, 0x66, 0x04, 0x00, 0x00, 0xBA, 0x06, 0x00, 0x00, 0x00, 0x48, 0x8B,
                0xCB, 0xE8, 0xF2, 0x0E, 0x00, 0x00, 0x8A, 0x03, 0x24, 0xFE, 0x0C, 0x02,
                0x88, 0x03, 0x0F, 0xB7, 0x86, 0x86, 0x04, 0x00, 0x00, 0x66, 0x41, 0x3B,
                0xC4, 0x76, 0x03, 0x41, 0x8B, 0xC4, 0x66, 0x85, 0xC0, 0x74, 0x1C, 0x48,
                0x8D, 0x9E, 0x88, 0x04, 0x00, 0x00, 0xBA, 0x06, 0x00, 0x00, 0x00, 0x48,
                0x8B, 0xCB, 0xE8, 0xC1, 0x0E, 0x00, 0x00, 0x8A, 0x03, 0x24, 0xFE, 0x0C,
                0x02, 0x88, 0x03, 0x41, 0x8B, 0xCF, 0x89, 0x4C, 0x24, 0x20, 0x48, 0x8B,
                0x7F, 0x08, 0xE9, 0x72, 0xFF, 0xFF, 0xFF, 0xEB, 0x09, 0xB9, 0x01, 0x00,
                0x00, 0xC0, 0x89, 0x4C, 0x24, 0x20, 0x8B, 0xC1, 0xEB, 0x05, 0xB8, 0x01,
                0x00, 0x00, 0xC0, 0x48, 0x8B, 0x9C, 0x24, 0xB0, 0x00, 0x00, 0x00, 0x48,
                0x83, 0xC4, 0x70, 0x41, 0x5F, 0x41, 0x5E, 0x41, 0x5C, 0x5F, 0x5E, 0xC3,
                0x40, 0x55, 0x53, 0x56, 0x57, 0x41, 0x56, 0x48, 0x8D, 0xAC, 0x24, 0x90,
                0xFE, 0xFF, 0xFF, 0x48, 0x81, 0xEC, 0x70, 0x02, 0x00, 0x00, 0x48, 0x8B,
                0x71, 0x28, 0x33, 0xDB, 0x48, 0x85, 0xF6, 0x0F, 0x84, 0xA4, 0x01, 0x00,
                0x00, 0x41, 0xBE, 0x08, 0x02, 0x00, 0x00, 0x41, 0xB8, 0x4E, 0x69, 0x53,
                0x70, 0x41, 0x8B, 0xD6, 0x41, 0x8D, 0x4E, 0xF8, 0xFF, 0x15, 0xCE, 0x28,
                0x00, 0x00, 0x48, 0x8B, 0xF8, 0x48, 0x85, 0xC0, 0x0F, 0x84, 0x7F, 0x01,
                0x00, 0x00, 0x48, 0x8D, 0x85, 0xA0, 0x01, 0x00, 0x00, 0x48, 0x89, 0x9D,
                0xA0, 0x01, 0x00, 0x00, 0x48, 0x8D, 0x56, 0x10, 0x48, 0x89, 0x44, 0x24,
                0x20, 0x44, 0x8D, 0x4B, 0x02, 0x45, 0x8B, 0xC6, 0x48, 0x8B, 0xCF, 0xFF,
                0x15, 0xEB, 0x28, 0x00, 0x00, 0x85, 0xC0, 0x0F, 0x88, 0x45, 0x01, 0x00,
                0x00, 0x4C, 0x39, 0xB5, 0xA0, 0x01, 0x00, 0x00, 0x0F, 0x85, 0x38, 0x01,
                0x00, 0x00, 0x45, 0x8B, 0xC6, 0x48, 0x8D, 0x4C, 0x24, 0x60, 0x33, 0xD2,
                0xE8, 0x67, 0x10, 0x00, 0x00, 0x0F, 0x10, 0x05, 0x00, 0x16, 0x00, 0x00,
                0x0F, 0xB7, 0x05, 0x09, 0x16, 0x00, 0x00, 0x4C, 0x8D, 0x44, 0x24, 0x30,
                0x41, 0x8B, 0xD6, 0x66, 0x89, 0x44, 0x24, 0x40, 0x48, 0x8D, 0x4C, 0x24,
                0x60, 0x0F, 0x11, 0x44, 0x24, 0x30, 0xE8, 0x91, 0x03, 0x00, 0x00, 0x8B,
                0xD3, 0x4C, 0x8B, 0xC7, 0x41, 0xB9, 0x03, 0x01, 0x00, 0x00, 0x48, 0x8B,
                0xF7, 0x66, 0x83, 0x3F, 0x7B, 0x74, 0x0D, 0xFF, 0xC2, 0x48, 0x83, 0xC7,
                0x02, 0x41, 0x3B, 0xD1, 0x72, 0xEF, 0xEB, 0x11, 0x8B, 0xC2, 0xFF, 0xC2,
                0x66, 0x41, 0x83, 0x3C, 0x40, 0x7D, 0x74, 0x05, 0x41, 0x3B, 0xD1, 0x72,
                0xEF, 0x66, 0x89, 0x1C, 0x56, 0x48, 0x8D, 0x4C, 0x24, 0x60, 0x49, 0x8B,
                0xD6, 0x4C, 0x8B, 0xC7, 0xE8, 0x87, 0x02, 0x00, 0x00, 0x33, 0xD2, 0x48,
                0x8B, 0xCE, 0xFF, 0x15, 0x3C, 0x28, 0x00, 0x00, 0x48, 0x8D, 0x54, 0x24,
                0x60, 0x48, 0x8D, 0x4C, 0x24, 0x48, 0xFF, 0x15, 0xE4, 0x27, 0x00, 0x00,
                0x4C, 0x8D, 0x8D, 0xA8, 0x01, 0x00, 0x00, 0x48, 0x89, 0x9D, 0xB0, 0x01,
                0x00, 0x00, 0x4C, 0x8D, 0x85, 0xB0, 0x01, 0x00, 0x00, 0x48, 0x89, 0x9D,
                0xA8, 0x01, 0x00, 0x00, 0xBA, 0x01, 0x00, 0x00, 0x00, 0x48, 0x8D, 0x4C,
                0x24, 0x48, 0xFF, 0x15, 0xC8, 0x27, 0x00, 0x00, 0x85, 0xC0, 0x78, 0x79,
                0x48, 0x8B, 0x85, 0xA8, 0x01, 0x00, 0x00, 0x48, 0x8B, 0x50, 0x08, 0x48,
                0x85, 0xD2, 0x74, 0x4F, 0x8B, 0x05, 0xC6, 0x47, 0x00, 0x00, 0x4C, 0x8D,
                0x05, 0xCF, 0x37, 0x00, 0x00, 0x85, 0xC0, 0x74, 0x12, 0x49, 0x8B, 0xC8,
                0x48, 0x39, 0x11, 0x74, 0x36, 0xFF, 0xC3, 0x48, 0x83, 0xC1, 0x10, 0x3B,
                0xD8, 0x72, 0xF1, 0x3D, 0xFF, 0x00, 0x00, 0x00, 0x73, 0x25, 0x48, 0x8B,
                0xC8, 0x48, 0x03, 0xC9, 0xFF, 0xC0, 0x89, 0x05, 0x94, 0x47, 0x00, 0x00,
                0x48, 0x8D, 0x05, 0xED, 0x00, 0x00, 0x00, 0x49, 0x89, 0x14, 0xC8, 0x48,
                0x87, 0x82, 0xE0, 0x00, 0x00, 0x00, 0x49, 0x89, 0x44, 0xC8, 0x08, 0x48,
                0x8B, 0x8D, 0xB0, 0x01, 0x00, 0x00, 0xFF, 0x15, 0x60, 0x27, 0x00, 0x00,
                0xEB, 0x0B, 0x33, 0xD2, 0x48, 0x8B, 0xCF, 0xFF, 0x15, 0x83, 0x27, 0x00,
                0x00, 0x48, 0x81, 0xC4, 0x70, 0x02, 0x00, 0x00, 0x41, 0x5E, 0x5F, 0x5E,
                0x5B, 0x5D, 0xC3, 0xCC, 0x48, 0x89, 0x5C, 0x24, 0x08, 0x48, 0x89, 0x6C,
                0x24, 0x10, 0x48, 0x89, 0x74, 0x24, 0x18, 0x57, 0x48, 0x83, 0xEC, 0x30,
                0x49, 0x8B, 0xF8, 0x48, 0x8B, 0xF2, 0x48, 0x8B, 0xE9, 0x4D, 0x85, 0xC0,
                0x74, 0x7B, 0x33, 0xD2, 0x49, 0x8B, 0xC8, 0xFF, 0x15, 0x47, 0x27, 0x00,
                0x00, 0x48, 0x8B, 0x4E, 0x08, 0x48, 0x85, 0xC9, 0x74, 0x4A, 0xF6, 0x41,
                0x0A, 0x05, 0x74, 0x06, 0x48, 0x8B, 0x59, 0x18, 0xEB, 0x22, 0x45, 0x33,
                0xC9, 0xC7, 0x44, 0x24, 0x28, 0x10, 0x00, 0x00, 0x00, 0x33, 0xD2, 0xC7,
                0x44, 0x24, 0x20, 0x00, 0x00, 0x00, 0x00, 0x45, 0x8D, 0x41, 0x01, 0xFF,
                0x15, 0x1B, 0x27, 0x00, 0x00, 0x48, 0x8B, 0xD8, 0x48, 0x85, 0xDB, 0x74,
                0x17, 0xBA, 0x06, 0x00, 0x00, 0x00, 0x48, 0x8B, 0xCB, 0xE8, 0x32, 0x0C,
                0x00, 0x00, 0x8A, 0x0B, 0x80, 0xE1, 0xFE, 0x80, 0xC9, 0x02, 0x88, 0x0B,
                0x48, 0x8B, 0x47, 0x18, 0x48, 0x85, 0xC0, 0x74, 0x14, 0x80, 0x7E, 0x42,
                0x01, 0x7E, 0x0E, 0x4C, 0x8B, 0x47, 0x10, 0x48, 0x8B, 0xD6, 0x48, 0x8B,
                0xCD, 0xFF, 0xD0, 0xEB, 0x02, 0x33, 0xC0, 0x48, 0x8B, 0x5C, 0x24, 0x40,
                0x48, 0x8B, 0x6C, 0x24, 0x48, 0x48, 0x8B, 0x74, 0x24, 0x50, 0x48, 0x83,
                0xC4, 0x30, 0x5F, 0xC3, 0x48, 0x8B, 0xC4, 0x48, 0x89, 0x58, 0x08, 0x48,
                0x89, 0x68, 0x10, 0x48, 0x89, 0x70, 0x18, 0x48, 0x89, 0x78, 0x20, 0x41,
                0x56, 0x48, 0x83, 0xEC, 0x20, 0x48, 0x8B, 0xFA, 0x45, 0x33, 0xC0, 0x8B,
                0x15, 0x7B, 0x46, 0x00, 0x00, 0x48, 0x8B, 0xE9, 0x85, 0xD2, 0x74, 0x27,
                0x41, 0x8B, 0xF0, 0x4C, 0x8D, 0x35, 0x7A, 0x36, 0x00, 0x00, 0x48, 0x03,
                0xF6, 0x49, 0x83, 0x7C, 0xF6, 0x08, 0x00, 0x74, 0x0A, 0x48, 0x8B, 0x41,
                0x08, 0x49, 0x39, 0x04, 0xF6, 0x74, 0x25, 0x41, 0xFF, 0xC0, 0x44, 0x3B,
                0xC2, 0x72, 0xD9, 0x33, 0xC0, 0x48, 0x8B, 0x5C, 0x24, 0x30, 0x48, 0x8B,
                0x6C, 0x24, 0x38, 0x48, 0x8B, 0x74, 0x24, 0x40, 0x48, 0x8B, 0x7C, 0x24,
                0x48, 0x48, 0x83, 0xC4, 0x20, 0x41, 0x5E, 0xC3, 0x48, 0x8B, 0x9F, 0xB8,
                0x00, 0x00, 0x00, 0x81, 0x7B, 0x18, 0x02, 0x00, 0x17, 0x00, 0x75, 0x6B,
                0x48, 0x8B, 0x4F, 0x18, 0x8B, 0x11, 0x81, 0xEA, 0x01, 0x01, 0x01, 0x01,
                0x74, 0x12, 0x83, 0xEA, 0x01, 0x74, 0x0D, 0x81, 0xEA, 0xFF, 0xFF, 0xFF,
                0x00, 0x74, 0x05, 0x83, 0xFA, 0x01, 0x75, 0x4B, 0xBA, 0x20, 0x00, 0x00,
                0x00, 0xB9, 0x00, 0x02, 0x00, 0x00, 0x41, 0xB8, 0x4E, 0x69, 0x53, 0x70,
                0xFF, 0x15, 0xCA, 0x25, 0x00, 0x00, 0x48, 0x85, 0xC0, 0x74, 0x30, 0x48,
                0x8B, 0x4F, 0x18, 0x48, 0x89, 0x08, 0x8B, 0x4B, 0x08, 0x89, 0x48, 0x08,
                0x48, 0x8B, 0x4B, 0x40, 0x48, 0x89, 0x48, 0x10, 0x48, 0x8B, 0x4B, 0x38,
                0x48, 0x89, 0x48, 0x18, 0x48, 0x89, 0x43, 0x40, 0x48, 0x8D, 0x05, 0x69,
                0xFE, 0xFF, 0xFF, 0x48, 0x89, 0x43, 0x38, 0xC6, 0x43, 0x03, 0x40, 0x49,
                0x8B, 0x44, 0xF6, 0x08, 0x48, 0x8B, 0xD7, 0x48, 0x8B, 0xCD, 0xFF, 0xD0,
                0xE9, 0x58, 0xFF, 0xFF, 0xFF, 0xCC, 0xCC, 0xCC, 0x48, 0x89, 0x5C, 0x24,
                0x08, 0x4C, 0x8B, 0xCA, 0x4D, 0x8B, 0xD8, 0x49, 0xD1, 0xE9, 0x4C, 0x8B,
                0xD1, 0x0F, 0x84, 0xA1, 0x00, 0x00, 0x00, 0x49, 0x81, 0xF9, 0xFF, 0xFF,
                0xFF, 0x7F, 0x0F, 0x87, 0x94, 0x00, 0x00, 0x00, 0x49, 0x8B, 0xD1, 0x48,
                0x8B, 0xC1, 0x33, 0xDB, 0x66, 0x39, 0x18, 0x74, 0x0A, 0x48, 0x83, 0xC0,
                0x02, 0x48, 0x83, 0xEA, 0x01, 0x75, 0xF1, 0x48, 0x8B, 0xC2, 0x48, 0xF7,
                0xD8, 0x1B, 0xC0, 0xF7, 0xD0, 0x25, 0x0D, 0x00, 0x00, 0xC0, 0x48, 0x85,
                0xD2, 0x74, 0x08, 0x4D, 0x8B, 0xC1, 0x4C, 0x2B, 0xC2, 0xEB, 0x03, 0x4C,
                0x8B, 0xC3, 0x48, 0x85, 0xD2, 0x74, 0x5E, 0x49, 0x8B, 0xC9, 0x4B, 0x8D,
                0x14, 0x42, 0x49, 0x2B, 0xC8, 0x74, 0x31, 0x4D, 0x2B, 0xC1, 0x49, 0x8D,
                0x80, 0xFE, 0xFF, 0xFF, 0x7F, 0x48, 0x03, 0xC1, 0x4C, 0x2B, 0xDA, 0x48,
                0x85, 0xC0, 0x74, 0x1C, 0x45, 0x0F, 0xB7, 0x04, 0x13, 0x66, 0x45, 0x85,
                0xC0, 0x74, 0x11, 0x66, 0x44, 0x89, 0x02, 0x48, 0xFF, 0xC8, 0x48, 0x83,
                0xC2, 0x02, 0x48, 0x83, 0xE9, 0x01, 0x75, 0xDF, 0x48, 0x85, 0xC9, 0x48,
                0x8D, 0x42, 0xFE, 0x48, 0x0F, 0x45, 0xC2, 0x48, 0xF7, 0xD9, 0x66, 0x89,
                0x18, 0x1B, 0xC0, 0xF7, 0xD0, 0x25, 0x05, 0x00, 0x00, 0x80, 0xEB, 0x05,
                0xB8, 0x0D, 0x00, 0x00, 0xC0, 0x48, 0x8B, 0x5C, 0x24, 0x08, 0xC3, 0xCC,
                0x48, 0xD1, 0xEA, 0x4D, 0x8B, 0xD0, 0x74, 0x54, 0x48, 0x81, 0xFA, 0xFF,
                0xFF, 0xFF, 0x7F, 0x77, 0x4B, 0x41, 0xB9, 0xFE, 0xFF, 0xFF, 0x7F, 0x4C,
                0x2B, 0xD1, 0x4C, 0x2B, 0xCA, 0x45, 0x33, 0xC0, 0x49, 0x8D, 0x04, 0x11,
                0x48, 0x85, 0xC0, 0x74, 0x17, 0x41, 0x0F, 0xB7, 0x04, 0x0A, 0x66, 0x85,
                0xC0, 0x74, 0x0D, 0x66, 0x89, 0x01, 0x48, 0x83, 0xC1, 0x02, 0x48, 0x83,
                0xEA, 0x01, 0x75, 0xE0, 0x48, 0x85, 0xD2, 0x48, 0x8D, 0x41, 0xFE, 0x48,
                0x0F, 0x45, 0xC1, 0x48, 0xF7, 0xDA, 0x66, 0x44, 0x89, 0x00, 0x1B, 0xC0,
                0xF7, 0xD0, 0x25, 0x05, 0x00, 0x00, 0x80, 0xC3, 0x45, 0x33, 0xC0, 0xB8,
                0x0D, 0x00, 0x00, 0xC0, 0x48, 0x85, 0xD2, 0x74, 0x04, 0x66, 0x44, 0x89,
                0x01, 0xC3, 0xCC, 0xCC, 0x40, 0x55, 0x53, 0x56, 0x57, 0x41, 0x54, 0x41,
                0x55, 0x41, 0x56, 0x41, 0x57, 0x48, 0x8D, 0x6C, 0x24, 0xD8, 0x48, 0x81,
                0xEC, 0x28, 0x01, 0x00, 0x00, 0x8B, 0x05, 0x55, 0x12, 0x00, 0x00, 0x48,
                0x8D, 0x4C, 0x24, 0x20, 0xF2, 0x0F, 0x10, 0x05, 0x40, 0x12, 0x00, 0x00,
                0x89, 0x44, 0x24, 0x28, 0x8A, 0x05, 0x42, 0x12, 0x00, 0x00, 0x88, 0x44,
                0x24, 0x2C, 0xF2, 0x0F, 0x11, 0x44, 0x24, 0x20, 0xE8, 0x6F, 0x06, 0x00,
                0x00, 0x4C, 0x8B, 0xE8, 0x48, 0x85, 0xC0, 0x0F, 0x84, 0xB2, 0x02, 0x00,
                0x00, 0xB9, 0x07, 0x00, 0x00, 0x00, 0xC7, 0x44, 0x24, 0x74, 0x0B, 0x00,
                0x00, 0x00, 0x48, 0x8D, 0x05, 0x17, 0x12, 0x00, 0x00, 0x89, 0x4C, 0x24,
                0x70, 0x48, 0x89, 0x44, 0x24, 0x60, 0x4C, 0x8D, 0x05, 0x27, 0x12, 0x00,
                0x00, 0x48, 0x8D, 0x05, 0x40, 0x12, 0x00, 0x00, 0x4C, 0x89, 0x44, 0x24,
                0x68, 0x48, 0x89, 0x44, 0x24, 0x78, 0x8D, 0x51, 0xFC, 0x48, 0x8D, 0x05,
                0x4C, 0x12, 0x00, 0x00, 0x89, 0x55, 0x88, 0x48, 0x89, 0x45, 0x80, 0x48,
                0x8D, 0x5C, 0x24, 0x68, 0x48, 0x8D, 0x05, 0x59, 0x12, 0x00, 0x00, 0x89,
                0x4D, 0x8C, 0x48, 0x89, 0x45, 0x90, 0x33, 0xFF, 0x48, 0x8D, 0x05, 0x69,
                0x12, 0x00, 0x00, 0x89, 0x55, 0xA0, 0x48, 0x89, 0x45, 0x98, 0x48, 0x8D,
                0x05, 0x7B, 0x12, 0x00, 0x00, 0x48, 0x89, 0x45, 0xA8, 0x48, 0x8D, 0x05,
                0x80, 0x12, 0x00, 0x00, 0x48, 0x89, 0x45, 0xB0, 0x48, 0x8D, 0x05, 0x85,
                0x12, 0x00, 0x00, 0x48, 0x89, 0x45, 0xC0, 0x48, 0x8D, 0x05, 0x8A, 0x12,
                0x00, 0x00, 0x48, 0x89, 0x45, 0xC8, 0x48, 0x8D, 0x05, 0x8F, 0x12, 0x00,
                0x00, 0x48, 0x89, 0x45, 0xD8, 0x48, 0x8D, 0x05, 0xA4, 0x12, 0x00, 0x00,
                0x48, 0x89, 0x45, 0xE0, 0x48, 0x8D, 0x05, 0xB9, 0x12, 0x00, 0x00, 0x48,
                0x89, 0x45, 0xF0, 0x48, 0x8D, 0x05, 0xCE, 0x12, 0x00, 0x00, 0x48, 0x89,
                0x45, 0xF8, 0x48, 0x8D, 0x05, 0xE3, 0x12, 0x00, 0x00, 0x48, 0x89, 0x45,
                0x08, 0x48, 0x8D, 0x05, 0xF8, 0x12, 0x00, 0x00, 0x48, 0x89, 0x45, 0x10,
                0x89, 0x4D, 0xA4, 0x89, 0x55, 0xB8, 0x89, 0x4D, 0xBC, 0x89, 0x55, 0xD0,
                0x89, 0x4D, 0xD4, 0x89, 0x55, 0xE8, 0x89, 0x4D, 0xEC, 0x89, 0x55, 0x00,
                0x89, 0x4D, 0x04, 0xC7, 0x45, 0x18, 0x02, 0x00, 0x00, 0x00, 0xC7, 0x45,
                0x1C, 0x06, 0x00, 0x00, 0x00, 0x89, 0x7D, 0x78, 0x48, 0x8B, 0x43, 0xF8,
                0x45, 0x33, 0xC9, 0x48, 0x8B, 0xD0, 0x48, 0x89, 0x44, 0x24, 0x48, 0x49,
                0x8B, 0xCD, 0xE8, 0x61, 0x04, 0x00, 0x00, 0x48, 0x8B, 0xF0, 0x48, 0x85,
                0xC0, 0x0F, 0x84, 0x5D, 0x01, 0x00, 0x00, 0x48, 0x63, 0x43, 0x08, 0x48,
                0x63, 0x4B, 0x0C, 0x48, 0x89, 0x44, 0x24, 0x50, 0x48, 0x89, 0x4C, 0x24,
                0x58, 0x4C, 0x63, 0x34, 0x06, 0x4C, 0x03, 0xF1, 0x4C, 0x03, 0xF6, 0x0F,
                0x84, 0x0F, 0x01, 0x00, 0x00, 0x33, 0xFF, 0x4C, 0x8D, 0x7D, 0xD0, 0x89,
                0x7D, 0x70, 0x49, 0x8B, 0x4F, 0xF0, 0x45, 0x33, 0xC9, 0x49, 0x8B, 0x47,
                0xF8, 0x48, 0x8B, 0xD1, 0x48, 0x89, 0x4C, 0x24, 0x30, 0x4C, 0x8B, 0xC0,
                0x49, 0x8B, 0xCD, 0x48, 0x89, 0x85, 0x80, 0x00, 0x00, 0x00, 0xE8, 0x05,
                0x04, 0x00, 0x00, 0x48, 0x89, 0x85, 0x88, 0x00, 0x00, 0x00, 0x4C, 0x8B,
                0xE0, 0x48, 0x85, 0xC0, 0x0F, 0x84, 0xBC, 0x00, 0x00, 0x00, 0x49, 0x63,
                0x07, 0x49, 0x63, 0x57, 0x04, 0x48, 0x89, 0x44, 0x24, 0x38, 0x48, 0x89,
                0x54, 0x24, 0x40, 0x48, 0x8B, 0x8D, 0x80, 0x00, 0x00, 0x00, 0x48, 0x89,
                0x8D, 0x80, 0x00, 0x00, 0x00, 0x49, 0x63, 0x0C, 0x04, 0x4C, 0x03, 0xE1,
                0x4C, 0x03, 0xE2, 0x74, 0x56, 0x41, 0x8B, 0x04, 0x24, 0x85, 0xC0, 0x74,
                0x4E, 0x49, 0x8B, 0x0E, 0x8B, 0xD0, 0x45, 0x33, 0xC0, 0xFF, 0x15, 0x89,
                0x22, 0x00, 0x00, 0x48, 0x8B, 0xF8, 0x48, 0x85, 0xC0, 0x74, 0x38, 0x41,
                0x8B, 0x14, 0x24, 0x83, 0xFA, 0x10, 0x72, 0x26, 0x8A, 0x08, 0x80, 0xF9,
                0x03, 0x77, 0x10, 0x0F, 0xB6, 0x40, 0x01, 0x3C, 0x0C, 0x72, 0x17, 0x3B,
                0xC2, 0x0F, 0x82, 0xA7, 0x00, 0x00, 0x00, 0x80, 0xF9, 0x7F, 0x75, 0x0A,
                0x80, 0x7F, 0x01, 0x04, 0x0F, 0x84, 0x98, 0x00, 0x00, 0x00, 0x48, 0x8B,
                0xCF, 0xFF, 0x15, 0x51, 0x22, 0x00, 0x00, 0x4C, 0x8B, 0x8D, 0x88, 0x00,
                0x00, 0x00, 0x49, 0x8B, 0xCD, 0x4C, 0x8B, 0x85, 0x80, 0x00, 0x00, 0x00,
                0x48, 0x8B, 0x54, 0x24, 0x30, 0xE8, 0x56, 0x03, 0x00, 0x00, 0x48, 0x8B,
                0x54, 0x24, 0x40, 0x4C, 0x8B, 0xE0, 0x48, 0x89, 0x85, 0x88, 0x00, 0x00,
                0x00, 0x48, 0x85, 0xC0, 0x48, 0x8B, 0x44, 0x24, 0x38, 0x0F, 0x85, 0x58,
                0xFF, 0xFF, 0xFF, 0x8B, 0x7D, 0x70, 0xFF, 0xC7, 0x49, 0x83, 0xC7, 0x18,
                0x89, 0x7D, 0x70, 0x83, 0xFF, 0x04, 0x0F, 0x82, 0xFA, 0xFE, 0xFF, 0xFF,
                0x4C, 0x8B, 0x03, 0x4C, 0x8B, 0xCE, 0x48, 0x8B, 0x54, 0x24, 0x48, 0x49,
                0x8B, 0xCD, 0xE8, 0x11, 0x03, 0x00, 0x00, 0x48, 0x8B, 0x4C, 0x24, 0x58,
                0x48, 0x8B, 0xF0, 0x48, 0x85, 0xC0, 0x48, 0x8B, 0x44, 0x24, 0x50, 0x0F,
                0x85, 0xB8, 0xFE, 0xFF, 0xFF, 0x8B, 0x7D, 0x78, 0xFF, 0xC7, 0x48, 0x83,
                0xC3, 0x18, 0x89, 0x7D, 0x78, 0x83, 0xFF, 0x04, 0x73, 0x21, 0x4C, 0x8B,
                0x03, 0xE9, 0x6A, 0xFE, 0xFF, 0xFF, 0x48, 0x8B, 0xCF, 0xE8, 0x6E, 0x00,
                0x00, 0x00, 0x41, 0x8B, 0x14, 0x24, 0x48, 0x8B, 0xCF, 0xFF, 0x15, 0xAD,
                0x21, 0x00, 0x00, 0x33, 0xC0, 0xEB, 0x05, 0xB8, 0x01, 0x00, 0x00, 0xC0,
                0x48, 0x81, 0xC4, 0x28, 0x01, 0x00, 0x00, 0x41, 0x5F, 0x41, 0x5E, 0x41,
                0x5D, 0x41, 0x5C, 0x5F, 0x5E, 0x5B, 0x5D, 0xC3, 0x48, 0x89, 0x5C, 0x24,
                0x08, 0x57, 0x48, 0x83, 0xEC, 0x20, 0x0F, 0xB6, 0x59, 0x01, 0x40, 0x8A,
                0xFA, 0x48, 0x03, 0xD9, 0x84, 0xD2, 0x74, 0x05, 0x80, 0x3B, 0x00, 0x75,
                0x1B, 0x33, 0xC0, 0x48, 0x8B, 0x5C, 0x24, 0x30, 0x48, 0x83, 0xC4, 0x20,
                0x5F, 0xC3, 0x48, 0x8B, 0xCB, 0xE8, 0x1E, 0x08, 0x00, 0x00, 0x48, 0xFF,
                0xC3, 0x48, 0x03, 0xD8, 0x40, 0x80, 0xC7, 0xFF, 0x75, 0xEC, 0x48, 0x8B,
                0xC3, 0xEB, 0xDC, 0xCC, 0x48, 0x89, 0x5C, 0x24, 0x08, 0x48, 0x89, 0x74,
                0x24, 0x10, 0x57, 0x48, 0x83, 0xEC, 0x20, 0x8B, 0xF2, 0x48, 0x8B, 0xD9,
                0x48, 0x03, 0xF1, 0x80, 0x3B, 0x7F, 0x75, 0x06, 0x80, 0x7B, 0x01, 0x04,
                0x74, 0x24, 0x48, 0x8B, 0xCB, 0xE8, 0x2E, 0x00, 0x00, 0x00, 0x0F, 0xB6,
                0x53, 0x01, 0x48, 0x03, 0xD3, 0xEB, 0x03, 0x48, 0xFF, 0xC2, 0x8A, 0x42,
                0x01, 0x0A, 0x02, 0x75, 0xF6, 0x48, 0x8D, 0x5A, 0x02, 0x48, 0x3B, 0xDE,
                0x72, 0xD1, 0x48, 0x8B, 0x5C, 0x24, 0x30, 0x33, 0xC0, 0x48, 0x8B, 0x74,
                0x24, 0x38, 0x48, 0x83, 0xC4, 0x20, 0x5F, 0xC3, 0x48, 0x89, 0x5C, 0x24,
                0x08, 0x57, 0x48, 0x83, 0xEC, 0x20, 0x80, 0x79, 0x01, 0x00, 0x48, 0x8B,
                0xD9, 0x75, 0x0A, 0xB8, 0x01, 0x00, 0x00, 0xC0, 0xE9, 0xCC, 0x00, 0x00,
                0x00, 0x80, 0x39, 0x00, 0x48, 0x8D, 0x79, 0x04, 0x75, 0x0F, 0x8A, 0x17,
                0xE8, 0x37, 0xFF, 0xFF, 0xFF, 0x48, 0x8B, 0xC8, 0xE8, 0xBF, 0x00, 0x00,
                0x00, 0x80, 0x3B, 0x01, 0x75, 0x46, 0x8A, 0x17, 0x48, 0x8B, 0xCB, 0xE8,
                0x20, 0xFF, 0xFF, 0xFF, 0x48, 0x8B, 0xC8, 0xE8, 0xA8, 0x00, 0x00, 0x00,
                0x8A, 0x53, 0x05, 0x48, 0x8B, 0xCB, 0xE8, 0x0D, 0xFF, 0xFF, 0xFF, 0x48,
                0x8B, 0xC8, 0xE8, 0x95, 0x00, 0x00, 0x00, 0x8A, 0x53, 0x07, 0x48, 0x8B,
                0xCB, 0xE8, 0xFA, 0xFE, 0xFF, 0xFF, 0x48, 0x8B, 0xC8, 0xE8, 0x82, 0x00,
                0x00, 0x00, 0x48, 0x8D, 0x4B, 0x08, 0xBA, 0x10, 0x00, 0x00, 0x00, 0xE8,
                0x88, 0x05, 0x00, 0x00, 0x80, 0x3B, 0x02, 0x75, 0x38, 0x8A, 0x17, 0x48,
                0x8B, 0xCB, 0xE8, 0xD5, 0xFE, 0xFF, 0xFF, 0x48, 0x8B, 0xC8, 0xE8, 0x5D,
                0x00, 0x00, 0x00, 0x8A, 0x53, 0x05, 0x48, 0x8B, 0xCB, 0xE8, 0xC2, 0xFE,
                0xFF, 0xFF, 0x48, 0x8B, 0xC8, 0xE8, 0x4A, 0x00, 0x00, 0x00, 0x8A, 0x53,
                0x07, 0x48, 0x8B, 0xCB, 0xE8, 0xAF, 0xFE, 0xFF, 0xFF, 0x48, 0x8B, 0xC8,
                0xE8, 0x37, 0x00, 0x00, 0x00, 0x80, 0x3B, 0x03, 0x75, 0x25, 0x8A, 0x17,
                0x48, 0x8B, 0xCB, 0xE8, 0x98, 0xFE, 0xFF, 0xFF, 0x48, 0x8B, 0xC8, 0xE8,
                0x20, 0x00, 0x00, 0x00, 0x8A, 0x53, 0x07, 0x48, 0x8B, 0xCB, 0xE8, 0x85,
                0xFE, 0xFF, 0xFF, 0x48, 0x8B, 0xC8, 0xE8, 0x0D, 0x00, 0x00, 0x00, 0x33,
                0xC0, 0x48, 0x8B, 0x5C, 0x24, 0x30, 0x48, 0x83, 0xC4, 0x20, 0x5F, 0xC3,
                0x48, 0x89, 0x5C, 0x24, 0x08, 0x48, 0x89, 0x6C, 0x24, 0x10, 0x48, 0x89,
                0x74, 0x24, 0x18, 0x57, 0x48, 0x83, 0xEC, 0x20, 0x48, 0x8B, 0xE9, 0xE8,
                0xA4, 0x06, 0x00, 0x00, 0x48, 0x63, 0xF8, 0xB9, 0x00, 0x02, 0x00, 0x00,
                0x41, 0xB8, 0x4E, 0x69, 0x53, 0x70, 0x48, 0x8B, 0xD8, 0x48, 0x8D, 0x57,
                0x01, 0xFF, 0x15, 0x69, 0x1F, 0x00, 0x00, 0x48, 0x8B, 0xC8, 0x8B, 0xD3,
                0x48, 0x8B, 0xF0, 0xE8, 0x24, 0x05, 0x00, 0x00, 0x4C, 0x8B, 0xC7, 0xC6,
                0x04, 0x37, 0x00, 0x48, 0x8B, 0xD6, 0x48, 0x8B, 0xCD, 0xE8, 0x3A, 0x09,
                0x00, 0x00, 0x33, 0xD2, 0x48, 0x8B, 0xCE, 0x48, 0x8B, 0x5C, 0x24, 0x30,
                0x48, 0x8B, 0x6C, 0x24, 0x38, 0x48, 0x8B, 0x74, 0x24, 0x40, 0x48, 0x83,
                0xC4, 0x20, 0x5F, 0x48, 0xFF, 0x25, 0x6A, 0x1F, 0x00, 0x00, 0xCC, 0xCC,
                0x41, 0x8A, 0x00, 0x84, 0xC0, 0x74, 0x1C, 0x48, 0x2B, 0xCA, 0x4C, 0x2B,
                0xC2, 0x3C, 0x78, 0x75, 0x07, 0x8A, 0x02, 0x38, 0x04, 0x0A, 0x75, 0x0E,
                0x48, 0xFF, 0xC2, 0x41, 0x8A, 0x04, 0x10, 0x84, 0xC0, 0x75, 0xEA, 0xB0,
                0x01, 0xC3, 0x32, 0xC0, 0xC3, 0xCC, 0xCC, 0xCC, 0x48, 0x89, 0x5C, 0x24,
                0x08, 0x48, 0x89, 0x6C, 0x24, 0x10, 0x48, 0x89, 0x74, 0x24, 0x18, 0x57,
                0x41, 0x56, 0x41, 0x57, 0x48, 0x83, 0xEC, 0x20, 0x4C, 0x8B, 0xF9, 0x49,
                0x8B, 0xE9, 0x49, 0x8B, 0xC9, 0x4D, 0x8B, 0xF0, 0x8B, 0xF2, 0xE8, 0xF1,
                0x05, 0x00, 0x00, 0x2B, 0xF0, 0xBB, 0x00, 0x00, 0x00, 0x00, 0x78, 0x1E,
                0x48, 0x63, 0xFB, 0x4C, 0x8B, 0xC5, 0x49, 0x03, 0xFF, 0x49, 0x8B, 0xD6,
                0x48, 0x8B, 0xCF, 0xE8, 0x8C, 0xFF, 0xFF, 0xFF, 0x84, 0xC0, 0x75, 0x21,
                0xFF, 0xC3, 0x3B, 0xDE, 0x7E, 0xE2, 0x33, 0xC0, 0x48, 0x8B, 0x5C, 0x24,
                0x40, 0x48, 0x8B, 0x6C, 0x24, 0x48, 0x48, 0x8B, 0x74, 0x24, 0x50, 0x48,
                0x83, 0xC4, 0x20, 0x41, 0x5F, 0x41, 0x5E, 0x5F, 0xC3, 0x48, 0x8B, 0xC7,
                0xEB, 0xE2, 0xCC, 0xCC, 0x45, 0x33, 0xC9, 0xE9, 0x00, 0x00, 0x00, 0x00,
                0x48, 0x89, 0x5C, 0x24, 0x10, 0x48, 0x89, 0x6C, 0x24, 0x18, 0x48, 0x89,
                0x74, 0x24, 0x20, 0x57, 0x41, 0x54, 0x41, 0x55, 0x41, 0x56, 0x41, 0x57,
                0x48, 0x83, 0xEC, 0x20, 0x48, 0x63, 0x69, 0x3C, 0x45, 0x33, 0xED, 0x48,
                0x03, 0xE9, 0x49, 0x8B, 0xF9, 0x4D, 0x8B, 0xF8, 0x4C, 0x8B, 0xE2, 0x4C,
                0x8B, 0xF1, 0x41, 0x8B, 0xF5, 0x0F, 0xB7, 0x5D, 0x14, 0x48, 0x83, 0xC3,
                0x20, 0x66, 0x44, 0x3B, 0x6D, 0x06, 0x73, 0x7D, 0x48, 0x03, 0xDD, 0x81,
                0x7B, 0xF8, 0x50, 0x41, 0x47, 0x45, 0x0F, 0xB7, 0x05, 0x1F, 0x0E, 0x00,
                0x00, 0x8B, 0x0D, 0x15, 0x0E, 0x00, 0x00, 0x66, 0x89, 0x44, 0x24, 0x54,
                0x74, 0x0E, 0x39, 0x4B, 0xF8, 0x75, 0x4C, 0x8A, 0x43, 0xFC, 0x3A, 0x44,
                0x24, 0x54, 0x75, 0x43, 0x44, 0x8B, 0x43, 0x04, 0x4D, 0x03, 0xC6, 0x41,
                0x8B, 0xCD, 0x48, 0x85, 0xFF, 0x74, 0x16, 0x49, 0x3B, 0xF8, 0x72, 0x11,
                0x8B, 0x03, 0x49, 0x03, 0xC0, 0x48, 0x3B, 0xF8, 0x73, 0x07, 0x8B, 0xCF,
                0x41, 0x2B, 0xC8, 0xFF, 0xC1, 0x8B, 0x13, 0x3B, 0xCA, 0x73, 0x18, 0x0F,
                0xAE, 0xE8, 0x2B, 0xD1, 0x4D, 0x8B, 0xCF, 0x49, 0x03, 0xC8, 0x4D, 0x8B,
                0xC4, 0xE8, 0xD6, 0xFE, 0xFF, 0xFF, 0x48, 0x85, 0xC0, 0x75, 0x2D, 0x0F,
                0xB7, 0x45, 0x06, 0xFF, 0xC6, 0x48, 0x83, 0xC3, 0x28, 0x3B, 0xF0, 0x7C,
                0x86, 0x33, 0xC0, 0x48, 0x8B, 0x5C, 0x24, 0x58, 0x48, 0x8B, 0x6C, 0x24,
                0x60, 0x48, 0x8B, 0x74, 0x24, 0x68, 0x48, 0x83, 0xC4, 0x20, 0x41, 0x5F,
                0x41, 0x5E, 0x41, 0x5D, 0x41, 0x5C, 0x5F, 0xC3, 0x0F, 0xAE, 0xE8, 0xEB,
                0xDE, 0xCC, 0xCC, 0xCC, 0x48, 0x8B, 0xC4, 0x48, 0x89, 0x58, 0x08, 0x48,
                0x89, 0x68, 0x18, 0x56, 0x57, 0x41, 0x56, 0x48, 0x81, 0xEC, 0x50, 0x01,
                0x00, 0x00, 0x33, 0xDB, 0x4C, 0x8D, 0x48, 0x10, 0x4C, 0x8B, 0xF1, 0x89,
                0x58, 0x10, 0x45, 0x33, 0xC0, 0x48, 0x8D, 0x50, 0x10, 0x8D, 0x73, 0x0B,
                0x8B, 0xCE, 0xE8, 0x91, 0x04, 0x00, 0x00, 0x3D, 0x04, 0x00, 0x00, 0xC0,
                0x0F, 0x85, 0x03, 0x01, 0x00, 0x00, 0x8B, 0x94, 0x24, 0x78, 0x01, 0x00,
                0x00, 0xB9, 0x00, 0x02, 0x00, 0x00, 0x41, 0xB8, 0x4E, 0x69, 0x53, 0x70,
                0xFF, 0x15, 0x42, 0x1D, 0x00, 0x00, 0x48, 0x8B, 0xF8, 0x48, 0x85, 0xC0,
                0x0F, 0x84, 0xDF, 0x00, 0x00, 0x00, 0x44, 0x8B, 0x84, 0x24, 0x78, 0x01,
                0x00, 0x00, 0x45, 0x33, 0xC9, 0x48, 0x8B, 0xD0, 0x8B, 0xCE, 0xE8, 0x4D,
                0x04, 0x00, 0x00, 0x85, 0xC0, 0x0F, 0x88, 0xB2, 0x00, 0x00, 0x00, 0x8B,
                0xF3, 0x48, 0x39, 0x1F, 0x0F, 0x86, 0xA7, 0x00, 0x00, 0x00, 0x48, 0x8D,
                0x6F, 0x08, 0x48, 0x8B, 0xC5, 0x48, 0x8D, 0x4C, 0x24, 0x20, 0xBA, 0x02,
                0x00, 0x00, 0x00, 0x0F, 0x10, 0x00, 0x0F, 0x10, 0x48, 0x10, 0x48, 0x8D,
                0x80, 0x80, 0x00, 0x00, 0x00, 0x0F, 0x11, 0x01, 0x0F, 0x10, 0x40, 0xA0,
                0x0F, 0x11, 0x49, 0x10, 0x0F, 0x10, 0x48, 0xB0, 0x0F, 0x11, 0x41, 0x20,
                0x0F, 0x10, 0x40, 0xC0, 0x0F, 0x11, 0x49, 0x30, 0x0F, 0x10, 0x48, 0xD0,
                0x0F, 0x11, 0x41, 0x40, 0x0F, 0x10, 0x40, 0xE0, 0x0F, 0x11, 0x49, 0x50,
                0x0F, 0x10, 0x48, 0xF0, 0x0F, 0x11, 0x41, 0x60, 0x48, 0x8D, 0x89, 0x80,
                0x00, 0x00, 0x00, 0x0F, 0x11, 0x49, 0xF0, 0x48, 0x83, 0xEA, 0x01, 0x75,
                0xAE, 0x0F, 0x10, 0x00, 0x49, 0x8B, 0xD6, 0x0F, 0x10, 0x48, 0x10, 0x48,
                0x8B, 0x40, 0x20, 0x0F, 0x11, 0x01, 0x0F, 0x11, 0x49, 0x10, 0x48, 0x89,
                0x41, 0x20, 0x48, 0x8D, 0x4C, 0x24, 0x48, 0xE8, 0xAE, 0x03, 0x00, 0x00,
                0x48, 0x85, 0xC0, 0x75, 0x17, 0xFF, 0xC6, 0x48, 0x81, 0xC5, 0x28, 0x01,
                0x00, 0x00, 0x48, 0x63, 0xC6, 0x48, 0x3B, 0x07, 0x0F, 0x82, 0x64, 0xFF,
                0xFF, 0xFF, 0xEB, 0x05, 0x48, 0x8B, 0x5C, 0x24, 0x30, 0x33, 0xD2, 0x48,
                0x8B, 0xCF, 0xFF, 0x15, 0x9C, 0x1C, 0x00, 0x00, 0x48, 0x8B, 0xC3, 0xEB,
                0x02, 0x33, 0xC0, 0x4C, 0x8D, 0x9C, 0x24, 0x50, 0x01, 0x00, 0x00, 0x49,
                0x8B, 0x5B, 0x20, 0x49, 0x8B, 0x6B, 0x30, 0x49, 0x8B, 0xE3, 0x41, 0x5E,
                0x5F, 0x5E, 0xC3, 0xCC, 0x48, 0x85, 0xC9, 0x0F, 0x84, 0x86, 0x01, 0x00,
                0x00, 0x4C, 0x8B, 0xDC, 0x49, 0x89, 0x5B, 0x08, 0x49, 0x89, 0x6B, 0x10,
                0x49, 0x89, 0x73, 0x18, 0x57, 0x41, 0x54, 0x41, 0x55, 0x41, 0x56, 0x41,
                0x57, 0x48, 0x83, 0xEC, 0x30, 0x48, 0x8B, 0x79, 0x28, 0x45, 0x33, 0xED,
                0x48, 0x85, 0xFF, 0x0F, 0x84, 0x3E, 0x01, 0x00, 0x00, 0x48, 0x8B, 0x07,
                0x48, 0x39, 0x78, 0x08, 0x0F, 0x85, 0x67, 0x01, 0x00, 0x00, 0x48, 0x8B,
                0x4F, 0x08, 0x48, 0x39, 0x39, 0x0F, 0x85, 0x5A, 0x01, 0x00, 0x00, 0x48,
                0x89, 0x01, 0x48, 0x89, 0x48, 0x08, 0x48, 0x8D, 0x47, 0x10, 0x48, 0x8B,
                0x10, 0x48, 0x39, 0x42, 0x08, 0x0F, 0x85, 0x42, 0x01, 0x00, 0x00, 0x48,
                0x8B, 0x48, 0x08, 0x48, 0x39, 0x01, 0x0F, 0x85, 0x35, 0x01, 0x00, 0x00,
                0x48, 0x89, 0x11, 0x48, 0x89, 0x4A, 0x08, 0x48, 0x8D, 0x4F, 0x20, 0x4C,
                0x8B, 0x01, 0x49, 0x39, 0x48, 0x08, 0x0F, 0x85, 0x1D, 0x01, 0x00, 0x00,
                0x48, 0x8B, 0x51, 0x08, 0x48, 0x39, 0x0A, 0x0F, 0x85, 0x10, 0x01, 0x00,
                0x00, 0x4C, 0x89, 0x02, 0x49, 0x89, 0x50, 0x08, 0x48, 0x89, 0x49, 0x08,
                0x48, 0x89, 0x09, 0x49, 0x8D, 0x4B, 0xC8, 0x48, 0x89, 0x7F, 0x08, 0x48,
                0x89, 0x3F, 0x48, 0x89, 0x40, 0x08, 0x48, 0x89, 0x00, 0x8B, 0x05, 0xA5,
                0x09, 0x00, 0x00, 0xF2, 0x0F, 0x10, 0x05, 0x95, 0x09, 0x00, 0x00, 0x89,
                0x44, 0x24, 0x28, 0x8A, 0x05, 0x97, 0x09, 0x00, 0x00, 0x88, 0x44, 0x24,
                0x2C, 0xF2, 0x0F, 0x11, 0x44, 0x24, 0x20, 0xE8, 0xC4, 0xFD, 0xFF, 0xFF,
                0x48, 0x8B, 0xD8, 0x48, 0x85, 0xC0, 0x0F, 0x84, 0x87, 0x00, 0x00, 0x00,
                0x48, 0x8D, 0x15, 0x49, 0x0B, 0x00, 0x00, 0x48, 0x8B, 0xC8, 0xE8, 0x7D,
                0x01, 0x00, 0x00, 0x48, 0x8D, 0x15, 0x5A, 0x0B, 0x00, 0x00, 0x48, 0x8B,
                0xCB, 0x4C, 0x8B, 0xE0, 0xE8, 0x6B, 0x01, 0x00, 0x00, 0x4D, 0x85, 0xE4,
                0x74, 0x61, 0x48, 0x85, 0xC0, 0x74, 0x5C, 0x44, 0x8B, 0x38, 0x41, 0x8D,
                0x4F, 0xFF, 0x81, 0xF9, 0xFE, 0x00, 0x00, 0x00, 0x77, 0x4D, 0x45, 0x8B,
                0xF5, 0x45, 0x85, 0xFF, 0x74, 0x45, 0x49, 0x8B, 0x2C, 0x24, 0x41, 0x8B,
                0xF6, 0x48, 0x03, 0xF6, 0x48, 0x8B, 0x4C, 0xF5, 0x08, 0x48, 0x85, 0xC9,
                0x74, 0x29, 0x0F, 0xB7, 0x44, 0xF5, 0x00, 0x66, 0x85, 0xC0, 0x74, 0x1F,
                0x48, 0x8B, 0x57, 0x60, 0x48, 0x85, 0xD2, 0x74, 0x16, 0x66, 0x3B, 0x47,
                0x58, 0x75, 0x10, 0x44, 0x8B, 0xC0, 0x8B, 0xD8, 0xFF, 0x15, 0x4E, 0x1B,
                0x00, 0x00, 0x48, 0x3B, 0xC3, 0x74, 0x25, 0x41, 0xFF, 0xC6, 0x45, 0x3B,
                0xF7, 0x72, 0xBB, 0x48, 0x8B, 0x5C, 0x24, 0x60, 0x48, 0x8B, 0x6C, 0x24,
                0x68, 0x48, 0x8B, 0x74, 0x24, 0x70, 0x48, 0x83, 0xC4, 0x30, 0x41, 0x5F,
                0x41, 0x5E, 0x41, 0x5D, 0x41, 0x5C, 0x5F, 0xC3, 0x44, 0x0F, 0xB7, 0x44,
                0xF5, 0x02, 0x33, 0xD2, 0x48, 0x8B, 0x4C, 0xF5, 0x08, 0xE8, 0x8A, 0x02,
                0x00, 0x00, 0x44, 0x89, 0x6C, 0xF5, 0x00, 0xEB, 0xCA, 0xB9, 0x03, 0x00,
                0x00, 0x00, 0xCD, 0x29, 0x48, 0x85, 0xC9, 0x74, 0x4B, 0x48, 0x89, 0x5C,
                0x24, 0x10, 0x48, 0x89, 0x74, 0x24, 0x18, 0x57, 0x48, 0x83, 0xEC, 0x20,
                0x48, 0x63, 0xFA, 0x48, 0x8B, 0xF1, 0x33, 0xDB, 0xFF, 0x15, 0xEA, 0x1A,
                0x00, 0x00, 0x89, 0x44, 0x24, 0x30, 0x48, 0x85, 0xFF, 0x7E, 0x16, 0x48,
                0x8D, 0x4C, 0x24, 0x30, 0xFF, 0x15, 0xDE, 0x1A, 0x00, 0x00, 0x88, 0x04,
                0x1E, 0x48, 0xFF, 0xC3, 0x48, 0x3B, 0xDF, 0x7C, 0xEA, 0x48, 0x8B, 0x5C,
                0x24, 0x38, 0x48, 0x8B, 0x74, 0x24, 0x40, 0x48, 0x83, 0xC4, 0x20, 0x5F,
                0xC3, 0xCC, 0xCC, 0xCC, 0x48, 0x85, 0xC9, 0x74, 0x6D, 0x48, 0x89, 0x5C,
                0x24, 0x10, 0x48, 0x89, 0x74, 0x24, 0x18, 0x57, 0x48, 0x83, 0xEC, 0x20,
                0x48, 0x63, 0xFA, 0x48, 0x8B, 0xF1, 0x33, 0xDB, 0xFF, 0x15, 0x96, 0x1A,
                0x00, 0x00, 0x89, 0x44, 0x24, 0x30, 0x48, 0x85, 0xFF, 0x78, 0x38, 0x48,
                0x8D, 0x4C, 0x24, 0x30, 0xFF, 0x15, 0x8A, 0x1A, 0x00, 0x00, 0x44, 0x8B,
                0xC0, 0xB8, 0x39, 0x8E, 0xE3, 0x38, 0x41, 0xF7, 0xE0, 0xC1, 0xEA, 0x03,
                0x8D, 0x0C, 0xD2, 0xC1, 0xE1, 0x02, 0x44, 0x2B, 0xC1, 0x48, 0x8D, 0x0D,
                0x8C, 0x1A, 0x00, 0x00, 0x41, 0x8A, 0x04, 0x08, 0x88, 0x04, 0x1E, 0x48,
                0xFF, 0xC3, 0x48, 0x3B, 0xDF, 0x7E, 0xC8, 0x48, 0x8B, 0x5C, 0x24, 0x38,
                0x48, 0x8B, 0x74, 0x24, 0x40, 0x48, 0x83, 0xC4, 0x20, 0x5F, 0xC3, 0xCC,
                0x48, 0x8B, 0xC4, 0x48, 0x89, 0x58, 0x08, 0x48, 0x89, 0x68, 0x10, 0x48,
                0x89, 0x70, 0x18, 0x48, 0x89, 0x78, 0x20, 0x41, 0x54, 0x41, 0x56, 0x41,
                0x57, 0x48, 0x83, 0xEC, 0x20, 0x48, 0x8B, 0xEA, 0x48, 0x8B, 0xD9, 0x48,
                0x85, 0xC9, 0x74, 0x74, 0x48, 0x85, 0xD2, 0x74, 0x6F, 0xB8, 0x4D, 0x5A,
                0x00, 0x00, 0x66, 0x39, 0x01, 0x75, 0x65, 0x48, 0x63, 0x41, 0x3C, 0x81,
                0x3C, 0x08, 0x50, 0x45, 0x00, 0x00, 0x75, 0x58, 0x48, 0x8B, 0x84, 0x08,
                0x88, 0x00, 0x00, 0x00, 0x85, 0xC0, 0x74, 0x4C, 0x48, 0x8B, 0xC8, 0x48,
                0xC1, 0xE9, 0x20, 0x85, 0xC9, 0x74, 0x41, 0x8B, 0xC8, 0x33, 0xFF, 0x8B,
                0x74, 0x19, 0x20, 0x44, 0x8B, 0x74, 0x19, 0x1C, 0x48, 0x03, 0xF3, 0x44,
                0x8B, 0x7C, 0x19, 0x24, 0x4C, 0x03, 0xF3, 0x44, 0x8B, 0x64, 0x19, 0x18,
                0x4C, 0x03, 0xFB, 0x45, 0x85, 0xE4, 0x74, 0x1C, 0x8B, 0x0E, 0x48, 0x8B,
                0xD5, 0x48, 0x03, 0xCB, 0xE8, 0x69, 0x00, 0x00, 0x00, 0x85, 0xC0, 0x74,
                0x2C, 0xFF, 0xC7, 0x48, 0x83, 0xC6, 0x04, 0x41, 0x3B, 0xFC, 0x72, 0xE4,
                0x33, 0xC0, 0x48, 0x8B, 0x5C, 0x24, 0x40, 0x48, 0x8B, 0x6C, 0x24, 0x48,
                0x48, 0x8B, 0x74, 0x24, 0x50, 0x48, 0x8B, 0x7C, 0x24, 0x58, 0x48, 0x83,
                0xC4, 0x20, 0x41, 0x5F, 0x41, 0x5E, 0x41, 0x5C, 0xC3, 0x41, 0x0F, 0xB7,
                0x0C, 0x7F, 0x41, 0x8B, 0x04, 0x8E, 0x48, 0x03, 0xC3, 0xEB, 0xD3, 0xFF,
                0x25, 0x13, 0x19, 0x00, 0x00, 0xFF, 0x25, 0x15, 0x19, 0x00, 0x00, 0xFF,
                0x25, 0x17, 0x19, 0x00, 0x00, 0xCC, 0xCC, 0xCC, 0xCC, 0xCC, 0xCC, 0xCC,
                0xFF, 0x25, 0x42, 0x19, 0x00, 0x00, 0xFF, 0x25, 0x44, 0x19, 0x00, 0x00,
                0xFF, 0x25, 0x5E, 0x19, 0x00, 0x00, 0xFF, 0x25, 0x60, 0x19, 0x00, 0x00,
                0x40, 0x53, 0x48, 0x83, 0xEC, 0x10, 0x33, 0xC0, 0x33, 0xC9, 0x0F, 0xA2,
                0x44, 0x8B, 0xC8, 0x33, 0xC9, 0xB8, 0x01, 0x00, 0x00, 0x00, 0x45, 0x32,
                0xC0, 0x0F, 0xA2, 0x89, 0x04, 0x24, 0x89, 0x5C, 0x24, 0x04, 0x89, 0x4C,
                0x24, 0x08, 0x89, 0x54, 0x24, 0x0C, 0x0F, 0xBA, 0xE1, 0x14, 0x73, 0x2E,
                0xB3, 0x08, 0x44, 0x8A, 0xC3, 0x0F, 0xBA, 0xE1, 0x1B, 0x73, 0x23, 0x0F,
                0xBA, 0xE1, 0x1C, 0x73, 0x1D, 0x33, 0xC9, 0x0F, 0x01, 0xD0, 0x48, 0xC1,
                0xE2, 0x20, 0x48, 0x0B, 0xD0, 0x44, 0x0F, 0xB6, 0xC3, 0x80, 0xE2, 0x06,
                0x8D, 0x41, 0x0C, 0x80, 0xFA, 0x06, 0x44, 0x0F, 0x44, 0xC0, 0xB8, 0x07,
                0x00, 0x00, 0x00, 0x44, 0x3B, 0xC8, 0x7C, 0x39, 0x33, 0xC9, 0x0F, 0xA2,
                0x89, 0x04, 0x24, 0x41, 0x8A, 0xC0, 0x0C, 0x02, 0x89, 0x54, 0x24, 0x0C,
                0x0F, 0xB6, 0xD0, 0x0F, 0xBA, 0xE3, 0x09, 0x41, 0x0F, 0xB6, 0xC0, 0x0F,
                0x43, 0xD0, 0x89, 0x5C, 0x24, 0x04, 0x89, 0x4C, 0x24, 0x08, 0x44, 0x8A,
                0xC2, 0xF6, 0xC3, 0x20, 0x74, 0x0B, 0xF6, 0xC2, 0x04, 0x74, 0x06, 0x80,
                0xCA, 0x10, 0x44, 0x8A, 0xC2, 0x41, 0x80, 0xC8, 0x01, 0x44, 0x88, 0x05,
                0x0C, 0x28, 0x00, 0x00, 0x33, 0xC0, 0x48, 0x83, 0xC4, 0x10, 0x5B, 0xC3,
                0xCC, 0xCC, 0xCC, 0xCC, 0x48, 0x8B, 0xC1, 0x0F, 0xB6, 0xD2, 0x49, 0xB9,
                0x01, 0x01, 0x01, 0x01, 0x01, 0x01, 0x01, 0x01, 0x49, 0x0F, 0xAF, 0xD1,
                0x66, 0x48, 0x0F, 0x6E, 0xC2, 0x0F, 0x16, 0xC0, 0x49, 0x83, 0xF8, 0x40,
                0x72, 0x6E, 0xF6, 0x05, 0xD7, 0x27, 0x00, 0x00, 0x02, 0x74, 0x0D, 0x49,
                0x81, 0xF8, 0x20, 0x03, 0x00, 0x00, 0x0F, 0x83, 0x08, 0x01, 0x00, 0x00,
                0x0F, 0x11, 0x01, 0x4C, 0x03, 0xC1, 0x48, 0x83, 0xC1, 0x10, 0x48, 0x83,
                0xE1, 0xF0, 0x4C, 0x2B, 0xC1, 0x49, 0x83, 0xF8, 0x40, 0x72, 0x47, 0x4A,
                0x8D, 0x54, 0x01, 0xF0, 0x4E, 0x8D, 0x4C, 0x01, 0xD0, 0x49, 0x83, 0xE1,
                0xF0, 0x49, 0xC1, 0xE8, 0x06, 0x0F, 0x29, 0x01, 0x0F, 0x29, 0x41, 0x10,
                0x48, 0x83, 0xC1, 0x40, 0x49, 0xFF, 0xC8, 0x0F, 0x29, 0x41, 0xE0, 0x0F,
                0x29, 0x41, 0xF0, 0x75, 0xE8, 0x41, 0x0F, 0x29, 0x01, 0x41, 0x0F, 0x29,
                0x41, 0x10, 0x41, 0x0F, 0x29, 0x41, 0x20, 0x0F, 0x11, 0x02, 0xC3, 0x0F,
                0x1F, 0x44, 0x00, 0x00, 0x49, 0x83, 0xF8, 0x10, 0x72, 0x2A, 0x4D, 0x8D,
                0x4C, 0x08, 0xF0, 0x49, 0x83, 0xE0, 0x20, 0x0F, 0x11, 0x01, 0x49, 0xD1,
                0xE8, 0x41, 0x0F, 0x11, 0x01, 0x42, 0x0F, 0x11, 0x04, 0x01, 0x49, 0xF7,
                0xD8, 0x43, 0x0F, 0x11, 0x04, 0x01, 0xC3, 0x66, 0x0F, 0x1F, 0x84, 0x00,
                0x00, 0x00, 0x00, 0x00, 0x49, 0x83, 0xF8, 0x04, 0x72, 0x2A, 0x4D, 0x8D,
                0x4C, 0x08, 0xFC, 0x49, 0x83, 0xE0, 0x08, 0x89, 0x11, 0x49, 0xD1, 0xE8,
                0x41, 0x89, 0x11, 0x42, 0x89, 0x14, 0x01, 0x49, 0xF7, 0xD8, 0x43, 0x89,
                0x14, 0x01, 0xC3, 0x66, 0x66, 0x66, 0x66, 0x66, 0x0F, 0x1F, 0x84, 0x00,
                0x00, 0x00, 0x00, 0x00, 0x4D, 0x85, 0xC0, 0x74, 0x11, 0x88, 0x11, 0x4E,
                0x8D, 0x4C, 0x01, 0xFE, 0x49, 0x83, 0xF8, 0x01, 0x74, 0x04, 0x66, 0x41,
                0x89, 0x11, 0xC3, 0xCC, 0xCC, 0xCC, 0xCC, 0xCC, 0xCC, 0xCC, 0xCC, 0xCC,
                0xCC, 0xCC, 0xCC, 0xCC, 0xCC, 0xCC, 0xCC, 0xCC, 0xCC, 0xCC, 0xCC, 0xCC,
                0xCC, 0xCC, 0xCC, 0xCC, 0xCC, 0xCC, 0xCC, 0xCC, 0xCC, 0xCC, 0xCC, 0xCC,
                0xCC, 0xCC, 0xCC, 0xCC, 0xCC, 0xCC, 0xCC, 0xCC, 0xCC, 0xCC, 0xCC, 0xCC,
                0xCC, 0xCC, 0xCC, 0xCC, 0xCC, 0xCC, 0xCC, 0xCC, 0xCC, 0xCC, 0xCC, 0xCC,
                0x57, 0xF6, 0x05, 0xB8, 0x26, 0x00, 0x00, 0x01, 0x74, 0x32, 0x48, 0x8B,
                0xF9, 0x4C, 0x03, 0xC1, 0x0F, 0x11, 0x01, 0x48, 0x83, 0xC7, 0x40, 0x0F,
                0x11, 0x41, 0x10, 0x48, 0x83, 0xE7, 0xC0, 0x0F, 0x11, 0x41, 0x20, 0x4C,
                0x2B, 0xC7, 0x0F, 0x11, 0x41, 0x30, 0x49, 0x8B, 0xC8, 0x4C, 0x8B, 0xC8,
                0x66, 0x48, 0x0F, 0x7E, 0xC0, 0xF3, 0xAA, 0x49, 0x8B, 0xC1, 0x5F, 0xC3,
                0xE8, 0x3F, 0x00, 0x00, 0x00, 0xEB, 0xC7, 0xCC, 0xCC, 0xCC, 0xCC, 0xCC,
                0xCC, 0xCC, 0xCC, 0xCC, 0xCC, 0xCC, 0xCC, 0xCC, 0xCC, 0xCC, 0xCC, 0xCC,
                0xCC, 0xCC, 0xCC, 0xCC, 0xCC, 0xCC, 0xCC, 0xCC, 0xCC, 0xCC, 0xCC, 0xCC,
                0xCC, 0xCC, 0xCC, 0xCC, 0xCC, 0xCC, 0xCC, 0xCC, 0xCC, 0xCC, 0xCC, 0xCC,
                0xCC, 0xCC, 0xCC, 0xCC, 0xCC, 0xCC, 0xCC, 0xCC, 0xCC, 0xCC, 0xCC, 0xCC,
                0xCC, 0xCC, 0xCC, 0xCC, 0xCC, 0xCC, 0xCC, 0xCC, 0x41, 0x51, 0x41, 0x50,
                0x52, 0x51, 0x50, 0x48, 0x83, 0xEC, 0x30, 0x0F, 0x29, 0x44, 0x24, 0x20,
                0xE8, 0x73, 0xFD, 0xFF, 0xFF, 0x0F, 0x28, 0x44, 0x24, 0x20, 0x48, 0x83,
                0xC4, 0x30, 0x58, 0x59, 0x5A, 0x41, 0x58, 0x41, 0x59, 0xC3, 0xCC, 0xCC,
                0xCC, 0xCC, 0xCC, 0xCC, 0xCC, 0xCC, 0xCC, 0xCC, 0xCC, 0xCC, 0xCC, 0xCC,
                0xCC, 0xCC, 0xCC, 0xCC, 0xCC, 0xCC, 0xCC, 0xCC, 0xCC, 0xCC, 0xCC, 0xCC,
                0x48, 0x8B, 0xC1, 0x49, 0x83, 0xF8, 0x08, 0x72, 0x37, 0x49, 0x83, 0xF8,
                0x10, 0x77, 0x11, 0x4C, 0x8B, 0x1A, 0x4A, 0x8B, 0x54, 0x02, 0xF8, 0x4C,
                0x89, 0x19, 0x4A, 0x89, 0x54, 0x01, 0xF8, 0xC3, 0x49, 0x83, 0xF8, 0x20,
                0x77, 0x5A, 0x0F, 0x10, 0x02, 0x42, 0x0F, 0x10, 0x4C, 0x02, 0xF0, 0x0F,
                0x11, 0x01, 0x42, 0x0F, 0x11, 0x4C, 0x01, 0xF0, 0xC3, 0x0F, 0x1F, 0x80,
                0x00, 0x00, 0x00, 0x00, 0x4D, 0x85, 0xC0, 0x74, 0x15, 0x48, 0x2B, 0xD1,
                0x72, 0x16, 0x44, 0x8A, 0x1C, 0x11, 0x48, 0xFF, 0xC1, 0x49, 0xFF, 0xC8,
                0x44, 0x88, 0x59, 0xFF, 0x75, 0xF0, 0xC3, 0x0F, 0x1F, 0x44, 0x00, 0x00,
                0x49, 0x03, 0xC8, 0x44, 0x8A, 0x5C, 0x11, 0xFF, 0x48, 0xFF, 0xC9, 0x49,
                0xFF, 0xC8, 0x44, 0x88, 0x19, 0x75, 0xF0, 0xC3, 0x66, 0x66, 0x66, 0x66,
                0x0F, 0x1F, 0x84, 0x00, 0x00, 0x00, 0x00, 0x00, 0x4E, 0x8D, 0x1C, 0x02,
                0x48, 0x2B, 0xD1, 0x73, 0x09, 0x4C, 0x3B, 0xD9, 0x0F, 0x87, 0x6E, 0x01,
                0x00, 0x00, 0x0F, 0x10, 0x04, 0x11, 0x48, 0x83, 0xC1, 0x10, 0xF6, 0xC1,
                0x0F, 0x74, 0x12, 0x48, 0x83, 0xE1, 0xF0, 0x0F, 0x10, 0x0C, 0x11, 0x0F,
                0x11, 0x00, 0x0F, 0x28, 0xC1, 0x48, 0x83, 0xC1, 0x10, 0x4C, 0x03, 0xC0,
                0x4C, 0x2B, 0xC1, 0x4D, 0x8B, 0xC8, 0x49, 0xC1, 0xE9, 0x06, 0x74, 0x6F,
                0x49, 0x81, 0xF9, 0x00, 0x10, 0x00, 0x00, 0x0F, 0x87, 0xB3, 0x00, 0x00,
                0x00, 0x49, 0x83, 0xE0, 0x3F, 0xEB, 0x2D, 0x66, 0x66, 0x66, 0x66, 0x66,
                0x66, 0x66, 0x0F, 0x1F, 0x84, 0x00, 0x00, 0x00, 0x00, 0x00, 0x66, 0x66,
                0x66, 0x66, 0x66, 0x66, 0x66, 0x0F, 0x1F, 0x84, 0x00, 0x00, 0x00, 0x00,
                0x00, 0x66, 0x66, 0x66, 0x66, 0x66, 0x66, 0x66, 0x0F, 0x1F, 0x84, 0x00,
                0x00, 0x00, 0x00, 0x00, 0x0F, 0x10, 0x0C, 0x11, 0x0F, 0x10, 0x54, 0x11,
                0x10, 0x0F, 0x10, 0x5C, 0x11, 0x20, 0x0F, 0x10, 0x64, 0x11, 0x30, 0x0F,
                0x29, 0x41, 0xF0, 0x48, 0x83, 0xC1, 0x40, 0x49, 0xFF, 0xC9, 0x0F, 0x29,
                0x49, 0xC0, 0x0F, 0x29, 0x51, 0xD0, 0x0F, 0x29, 0x59, 0xE0, 0x0F, 0x28,
                0xC4, 0x75, 0xD1, 0x4D, 0x8B, 0xC8, 0x49, 0xC1, 0xE9, 0x04, 0x74, 0x19,
                0x0F, 0x1F, 0x84, 0x00, 0x00, 0x00, 0x00, 0x00, 0x0F, 0x29, 0x41, 0xF0,
                0x0F, 0x10, 0x04, 0x11, 0x48, 0x83, 0xC1, 0x10, 0x49, 0xFF, 0xC9, 0x75,
                0xEF, 0x49, 0x83, 0xE0, 0x0F, 0x74, 0x0E, 0x4E, 0x8D, 0x5C, 0x01, 0xF0,
                0x41, 0x0F, 0x10, 0x0C, 0x13, 0x41, 0x0F, 0x11, 0x0B, 0x0F, 0x29, 0x41,
                0xF0, 0xC3, 0x66, 0x66, 0x66, 0x66, 0x66, 0x66, 0x66, 0x0F, 0x1F, 0x84,
                0x00, 0x00, 0x00, 0x00, 0x00, 0x0F, 0x1F, 0x80, 0x00, 0x00, 0x00, 0x00,
                0x4D, 0x8B, 0xC8, 0x49, 0xC1, 0xE9, 0x06, 0x49, 0x83, 0xE0, 0x3F, 0x0F,
                0x18, 0x44, 0x11, 0x40, 0xEB, 0x2E, 0x66, 0x66, 0x66, 0x66, 0x66, 0x66,
                0x66, 0x0F, 0x1F, 0x84, 0x00, 0x00, 0x00, 0x00, 0x00, 0x66, 0x66, 0x66,
                0x66, 0x66, 0x66, 0x66, 0x0F, 0x1F, 0x84, 0x00, 0x00, 0x00, 0x00, 0x00,
                0x66, 0x66, 0x66, 0x66, 0x66, 0x66, 0x66, 0x0F, 0x1F, 0x84, 0x00, 0x00,
                0x00, 0x00, 0x00, 0x90, 0x0F, 0x10, 0x0C, 0x11, 0x0F, 0x10, 0x54, 0x11,
                0x10, 0x0F, 0x10, 0x5C, 0x11, 0x20, 0x0F, 0x10, 0x64, 0x11, 0x30, 0x0F,
                0x2B, 0x41, 0xF0, 0x48, 0x83, 0xC1, 0x40, 0x0F, 0x18, 0x44, 0x11, 0x40,
                0x49, 0xFF, 0xC9, 0x0F, 0x2B, 0x49, 0xC0, 0x0F, 0x2B, 0x51, 0xD0, 0x0F,
                0x2B, 0x59, 0xE0, 0x0F, 0x28, 0xC4, 0x75, 0xCC, 0x0F, 0xAE, 0xF8, 0xE9,
                0x33, 0xFF, 0xFF, 0xFF, 0x0F, 0x1F, 0x40, 0x00, 0x49, 0x03, 0xC8, 0x0F,
                0x10, 0x44, 0x11, 0xF0, 0x48, 0x83, 0xE9, 0x10, 0x49, 0x83, 0xE8, 0x10,
                0xF6, 0xC1, 0x0F, 0x74, 0x18, 0x4C, 0x8B, 0xD9, 0x48, 0x83, 0xE1, 0xF0,
                0x0F, 0x10, 0x0C, 0x11, 0x41, 0x0F, 0x11, 0x03, 0x0F, 0x28, 0xC1, 0x4C,
                0x8B, 0xC1, 0x4C, 0x2B, 0xC0, 0x4D, 0x8B, 0xC8, 0x49, 0xC1, 0xE9, 0x06,
                0x74, 0x39, 0x49, 0x83, 0xE0, 0x3F, 0xEB, 0x04, 0x0F, 0x1F, 0x40, 0x00,
                0x0F, 0x10, 0x4C, 0x11, 0xF0, 0x0F, 0x10, 0x54, 0x11, 0xE0, 0x0F, 0x10,
                0x5C, 0x11, 0xD0, 0x0F, 0x10, 0x64, 0x11, 0xC0, 0x0F, 0x29, 0x01, 0x48,
                0x83, 0xE9, 0x40, 0x49, 0xFF, 0xC9, 0x0F, 0x29, 0x49, 0x30, 0x0F, 0x29,
                0x51, 0x20, 0x0F, 0x29, 0x59, 0x10, 0x0F, 0x28, 0xC4, 0x75, 0xD1, 0x4D,
                0x8B, 0xC8, 0x49, 0xC1, 0xE9, 0x04, 0x74, 0x19, 0x0F, 0x1F, 0x84, 0x00,
                0x00, 0x00, 0x00, 0x00, 0x0F, 0x29, 0x01, 0x0F, 0x10, 0x44, 0x11, 0xF0,
                0x48, 0x83, 0xE9, 0x10, 0x49, 0xFF, 0xC9, 0x75, 0xEF, 0x49, 0x83, 0xE0,
                0x0F, 0x74, 0x0F, 0x4C, 0x8B, 0xD9, 0x4D, 0x2B, 0xD8, 0x41, 0x0F, 0x10,
                0x0C, 0x13, 0x41, 0x0F, 0x11, 0x0B, 0x0F, 0x29, 0x01, 0xC3, 0xCC, 0xCC,
                0xCC, 0xCC, 0xCC, 0xCC, 0x73, 0x74, 0x6F, 0x72, 0x70, 0x6F, 0x72, 0x74,
                0x2E, 0x73, 0x79, 0x73, 0x00, 0xCC, 0xCC, 0xCC, 0x48, 0x89, 0x5C, 0x24,
                0x00, 0x55, 0x56, 0x57, 0x48, 0x83, 0xEC, 0x50, 0x00, 0xCC, 0xCC, 0xCC,
                0x78, 0x78, 0x78, 0x78, 0x3F, 0x78, 0x78, 0x78, 0x78, 0x78, 0x78, 0x78,
                0x00, 0xCC, 0xCC, 0xCC, 0x5C, 0x00, 0x44, 0x00, 0x65, 0x00, 0x76, 0x00,
                0x69, 0x00, 0x63, 0x00, 0x65, 0x00, 0x5C, 0x00, 0x52, 0x00, 0x61, 0x00,
                0x69, 0x00, 0x64, 0x00, 0x50, 0x00, 0x6F, 0x00, 0x72, 0x00, 0x74, 0x00,
                0x25, 0x00, 0x64, 0x00, 0x00, 0x00, 0xCC, 0xCC, 0xCC, 0xCC, 0xCC, 0xCC,
                0xCC, 0xCC, 0xCC, 0xCC, 0x64, 0x69, 0x73, 0x6B, 0x2E, 0x73, 0x79, 0x73,
                0x00, 0xCC, 0xCC, 0xCC, 0xCC, 0xCC, 0xCC, 0xCC, 0x4C, 0x8B, 0xDC, 0x49,
                0x89, 0x5B, 0x10, 0x49, 0x89, 0x7B, 0x18, 0x55, 0x49, 0x8D, 0x6B, 0xA1,
                0x48, 0x81, 0xEC, 0x00, 0x00, 0x00, 0x00, 0x48, 0x8B, 0x05, 0x00, 0x00,
                0x00, 0x00, 0x48, 0x33, 0xC4, 0x48, 0x89, 0x45, 0x4F, 0x00, 0xCC, 0xCC,
                0xCC, 0xCC, 0xCC, 0xCC, 0xCC, 0xCC, 0xCC, 0xCC, 0x78, 0x78, 0x78, 0x78,
                0x78, 0x78, 0x78, 0x78, 0x78, 0x78, 0x78, 0x78, 0x78, 0x78, 0x78, 0x78,
                0x78, 0x78, 0x78, 0x3F, 0x3F, 0x3F, 0x3F, 0x78, 0x78, 0x78, 0x3F, 0x3F,
                0x3F, 0x3F, 0x78, 0x78, 0x78, 0x78, 0x78, 0x78, 0x78, 0x00, 0xCC, 0xCC,
                0xCC, 0xCC, 0xCC, 0xCC, 0xCC, 0xCC, 0xCC, 0xCC, 0x5C, 0x00, 0x44, 0x00,
                0x72, 0x00, 0x69, 0x00, 0x76, 0x00, 0x65, 0x00, 0x72, 0x00, 0x5C, 0x00,
                0x44, 0x00, 0x69, 0x00, 0x73, 0x00, 0x6B, 0x00, 0x00, 0x00, 0xCC, 0xCC,
                0xCC, 0xCC, 0xCC, 0xCC, 0x5C, 0x00, 0x44, 0x00, 0x65, 0x00, 0x76, 0x00,
                0x69, 0x00, 0x63, 0x00, 0x65, 0x00, 0x5C, 0x00, 0x00, 0x00, 0xCC, 0xCC,
                0xCC, 0xCC, 0xCC, 0xCC, 0xCC, 0xCC, 0xCC, 0xCC, 0xCC, 0xCC, 0xCC, 0xCC,
                0x6E, 0x64, 0x69, 0x73, 0x2E, 0x73, 0x79, 0x73, 0x00, 0xCC, 0xCC, 0xCC,
                0xCC, 0xCC, 0xCC, 0xCC, 0x40, 0x8A, 0xF0, 0x48, 0x8B, 0x05, 0x00, 0xCC,
                0xCC, 0xCC, 0xCC, 0xCC, 0xCC, 0xCC, 0xCC, 0xCC, 0x78, 0x78, 0x78, 0x78,
                0x78, 0x78, 0x00, 0xCC, 0xCC, 0xCC, 0xCC, 0xCC, 0xCC, 0xCC, 0xCC, 0xCC,
                0x48, 0x85, 0x00, 0x0F, 0x84, 0x00, 0x00, 0x00, 0x00, 0x00, 0x8B, 0x00,
                0x00, 0x00, 0x00, 0x00, 0x33, 0x00, 0xCC, 0xCC, 0xCC, 0xCC, 0xCC, 0xCC,
                0xCC, 0xCC, 0xCC, 0xCC, 0xCC, 0xCC, 0xCC, 0xCC, 0x78, 0x78, 0x3F, 0x78,
                0x78, 0x3F, 0x3F, 0x3F, 0x3F, 0x3F, 0x78, 0x3F, 0x3F, 0x3F, 0x78, 0x78,
                0x78, 0x00, 0xCC, 0xCC, 0xCC, 0xCC, 0xCC, 0xCC, 0xCC, 0xCC, 0xCC, 0xCC,
                0xCC, 0xCC, 0xCC, 0xCC, 0x6E, 0x74, 0x6F, 0x73, 0x6B, 0x72, 0x6E, 0x6C,
                0x2E, 0x65, 0x78, 0x65, 0x00, 0xCC, 0xCC, 0xCC, 0x33, 0xDB, 0x8B, 0xFB,
                0x48, 0x8B, 0x0D, 0x00, 0x00, 0x00, 0x00, 0x48, 0x85, 0xC9, 0x74, 0x00,
                0x8B, 0x15, 0x00, 0xCC, 0xCC, 0xCC, 0xCC, 0xCC, 0xCC, 0xCC, 0xCC, 0xCC,
                0xCC, 0xCC, 0xCC, 0xCC, 0x78, 0x78, 0x78, 0x78, 0x78, 0x78, 0x78, 0x3F,
                0x3F, 0x3F, 0x3F, 0x78, 0x78, 0x78, 0x78, 0x3F, 0x78, 0x78, 0x00, 0xCC,
                0xCC, 0xCC, 0xCC, 0xCC, 0xCC, 0xCC, 0xCC, 0xCC, 0xCC, 0xCC, 0xCC, 0xCC,
                0x48, 0x8B, 0x0D, 0x00, 0x00, 0x00, 0x00, 0x48, 0x85, 0xC9, 0x74, 0x00,
                0x8B, 0x15, 0x00, 0x00, 0x00, 0x00, 0x44, 0x8D, 0x43, 0x00, 0xE8, 0x00,
                0xCC, 0xCC, 0xCC, 0xCC, 0xCC, 0xCC, 0xCC, 0xCC, 0x78, 0x78, 0x78, 0x3F,
                0x3F, 0x3F, 0x3F, 0x78, 0x78, 0x78, 0x78, 0x3F, 0x78, 0x78, 0x3F, 0x3F,
                0x3F, 0x3F, 0x78, 0x78, 0x78, 0x3F, 0x78, 0x00, 0xCC, 0xCC, 0xCC, 0xCC,
                0xCC, 0xCC, 0xCC, 0xCC, 0x48, 0x8B, 0x0D, 0x00, 0x00, 0x00, 0x00, 0x48,
                0x85, 0xC9, 0x74, 0x00, 0x8B, 0x15, 0x00, 0x00, 0x00, 0x00, 0x44, 0x8D,
                0x43, 0x00, 0xCC, 0xCC, 0xCC, 0xCC, 0xCC, 0xCC, 0xCC, 0xCC, 0xCC, 0xCC,
                0x78, 0x78, 0x78, 0x3F, 0x3F, 0x3F, 0x3F, 0x78, 0x78, 0x78, 0x78, 0x3F,
                0x78, 0x78, 0x3F, 0x3F, 0x3F, 0x3F, 0x78, 0x78, 0x78, 0x00, 0xCC, 0xCC,
                0xCC, 0xCC, 0xCC, 0xCC, 0xCC, 0xCC, 0xCC, 0xCC, 0x48, 0x8B, 0x0D, 0x00,
                0x00, 0x00, 0x00, 0x48, 0x85, 0xC9, 0x74, 0x00, 0x8B, 0x15, 0x00, 0xCC,
                0x78, 0x78, 0x78, 0x3F, 0x3F, 0x3F, 0x3F, 0x78, 0x78, 0x78, 0x78, 0x3F,
                0x78, 0x78, 0x00, 0xCC, 0x44, 0x8B, 0x05, 0x00, 0x00, 0x00, 0x00, 0x48,
                0x8B, 0xD0, 0x48, 0x8B, 0xCE, 0x00, 0xCC, 0xCC, 0x78, 0x78, 0x78, 0x3F,
                0x3F, 0x3F, 0x3F, 0x78, 0x78, 0x78, 0x78, 0x78, 0x78, 0x00, 0xCC, 0xCC,
                0x44, 0x8B, 0x05, 0x00, 0x00, 0x00, 0x00, 0x48, 0x8B, 0xD0, 0x48, 0x8B,
                0xCE, 0xE8, 0x00, 0x00, 0x00, 0x00, 0x8B, 0x15, 0x00, 0xCC, 0xCC, 0xCC,
                0xCC, 0xCC, 0xCC, 0xCC, 0xCC, 0xCC, 0xCC, 0xCC, 0x78, 0x78, 0x78, 0x3F,
                0x3F, 0x3F, 0x3F, 0x78, 0x78, 0x78, 0x78, 0x78, 0x78, 0x78, 0x3F, 0x3F,
                0x3F, 0x3F, 0x78, 0x78, 0x00, 0xCC, 0xCC, 0xCC, 0xCC, 0xCC, 0xCC, 0xCC,
                0xCC, 0xCC, 0xCC, 0xCC, 0x44, 0x8B, 0x05, 0x00, 0x00, 0x00, 0x00, 0x48,
                0x8B, 0xD0, 0x48, 0x8B, 0xCE, 0xE8, 0x00, 0x00, 0x00, 0x00, 0x8B, 0x15,
                0x00, 0x00, 0x00, 0x00, 0x48, 0x8B, 0xCB, 0xE8, 0x00, 0xCC, 0xCC, 0xCC,
                0x78, 0x78, 0x78, 0x3F, 0x3F, 0x3F, 0x3F, 0x78, 0x78, 0x78, 0x78, 0x78,
                0x78, 0x78, 0x3F, 0x3F, 0x3F, 0x3F, 0x78, 0x78, 0x3F, 0x3F, 0x3F, 0x3F,
                0x78, 0x78, 0x78, 0x78, 0x00, 0xCC, 0xCC, 0xCC, 0x8B, 0x1D, 0x00, 0x00,
                0x00, 0x00, 0x48, 0x8B, 0xD0, 0x44, 0x8B, 0xC3, 0x48, 0x8B, 0xCD, 0xE8,
                0x00, 0x00, 0x00, 0x00, 0x8B, 0xD3, 0x48, 0x8B, 0x00, 0xCC, 0xCC, 0xCC,
                0xCC, 0xCC, 0xCC, 0xCC, 0x78, 0x78, 0x3F, 0x3F, 0x3F, 0x3F, 0x78, 0x78,
                0x78, 0x78, 0x78, 0x78, 0x78, 0x78, 0x78, 0x78, 0x3F, 0x3F, 0x3F, 0x3F,
                0x78, 0x78, 0x78, 0x78, 0x00, 0xCC, 0xCC, 0xCC, 0xCC, 0xCC, 0xCC, 0xCC,
                0x2E, 0x74, 0x65, 0x78, 0x74, 0x00, 0xCC, 0xCC, 0xCC, 0xCC, 0xCC, 0xCC,
                0xCC, 0xCC, 0xCC, 0xCC, 0x4D, 0x6D, 0x55, 0x6E, 0x6C, 0x6F, 0x61, 0x64,
                0x65, 0x64, 0x44, 0x72, 0x69, 0x76, 0x65, 0x72, 0x73, 0x00, 0xCC, 0xCC,
                0xCC, 0xCC, 0xCC, 0xCC, 0xCC, 0xCC, 0xCC, 0xCC, 0xCC, 0xCC, 0xCC, 0xCC,
                0x4D, 0x6D, 0x55, 0x6E, 0x6C, 0x6F, 0x61, 0x64, 0x65, 0x64, 0x44, 0x72,
                0x69, 0x76, 0x65, 0x72, 0x43, 0x6F, 0x75, 0x6E, 0x74, 0x00, 0x00, 0x00,
                0x00, 0x00, 0x00, 0x00, 0x00, 0x00, 0x00, 0x00, 0x00, 0x00, 0x00, 0x00,
                0x00, 0x00, 0x00, 0x00, 0x00, 0x00, 0x00, 0x00, 0x00, 0x00, 0x00, 0x00,
                0x00, 0x00, 0x00, 0x00, 0x00, 0x00, 0x00, 0x00, 0x00, 0x00, 0x00, 0x00,
                0x00, 0x00, 0x00, 0x00, 0x00, 0x00, 0x00, 0x00, 0x00, 0x00, 0x00, 0x00,
                0x00, 0x00, 0x00, 0x00, 0x00, 0x00, 0x00, 0x00, 0x00, 0x00, 0x00, 0x00,
                0x00, 0x00, 0x00, 0x00, 0x00, 0x00, 0x00, 0x00, 0x00, 0x00, 0x00, 0x00,
                0x00, 0x00, 0x00, 0x00, 0x00, 0x00, 0x00, 0x00, 0x00, 0x00, 0x00, 0x00,
                0x00, 0x00, 0x00, 0x00, 0x00, 0x00, 0x00, 0x00, 0x00, 0x00, 0x00, 0x00,
                0x00, 0x00, 0x00, 0x00, 0x00, 0x00, 0x00, 0x00, 0x00, 0x00, 0x00, 0x00,
                0x00, 0x00, 0x00, 0x00, 0x00, 0x00, 0x00, 0x00, 0x00, 0x00, 0x00, 0x00,
                0x00, 0x00, 0x00, 0x00, 0x00, 0x00, 0x00, 0x00, 0x00, 0x00, 0x00, 0x00,
                0x00, 0x00, 0x00, 0x00, 0x00, 0x00, 0x00, 0x00, 0x00, 0x00, 0x00, 0x00,
                0x00, 0x00, 0x00, 0x00, 0x00, 0x00, 0x00, 0x00, 0x00, 0x00, 0x00, 0x00,
                0x00, 0x00, 0x00, 0x00, 0x00, 0x00, 0x00, 0x00, 0x00, 0x00, 0x00, 0x00,
                0x00, 0x00, 0x00, 0x00, 0x00, 0x00, 0x00, 0x00, 0x00, 0x00, 0x00, 0x00,
                0x00, 0x00, 0x00, 0x00, 0x00, 0x00, 0x00, 0x00, 0x00, 0x00, 0x00, 0x00,
                0x00, 0x00, 0x00, 0x00, 0x00, 0x00, 0x00, 0x00, 0x00, 0x00, 0x00, 0x00,
                0x00, 0x00, 0x00, 0x00, 0x00, 0x00, 0x00, 0x00, 0x00, 0x00, 0x00, 0x00,
                0x00, 0x00, 0x00, 0x00, 0x00, 0x00, 0x00, 0x00, 0x00, 0x00, 0x00, 0x00,
                0x00, 0x00, 0x00, 0x00, 0x00, 0x00, 0x00, 0x00, 0x00, 0x00, 0x00, 0x00,
                0x00, 0x00, 0x00, 0x00, 0x00, 0x00, 0x00, 0x00, 0x00, 0x00, 0x00, 0x00,
                0x00, 0x00, 0x00, 0x00, 0x00, 0x00, 0x00, 0x00, 0x00, 0x00, 0x00, 0x00,
                0x00, 0x00, 0x00, 0x00, 0x00, 0x00, 0x00, 0x00, 0x00, 0x00, 0x00, 0x00,
                0x00, 0x00, 0x00, 0x00, 0x00, 0x00, 0x00, 0x00, 0x00, 0x00, 0x00, 0x00,
                0x00, 0x00, 0x00, 0x00, 0x00, 0x00, 0x00, 0x00, 0x00, 0x00, 0x00, 0x00,
                0x00, 0x00, 0x00, 0x00, 0x00, 0x00, 0x00, 0x00, 0x00, 0x00, 0x00, 0x00,
                0x00, 0x00, 0x00, 0x00, 0x00, 0x00, 0x00, 0x00, 0x00, 0x00, 0x00, 0x00,
                0x00, 0x00, 0x00, 0x00, 0x00, 0x00, 0x00, 0x00, 0x00, 0x00, 0x00, 0x00,
                0x00, 0x00, 0x00, 0x00, 0x00, 0x00, 0x00, 0x00, 0x00, 0x00, 0x00, 0x00,
                0x00, 0x00, 0x00, 0x00, 0x00, 0x00, 0x00, 0x00, 0x00, 0x00, 0x00, 0x00,
                0x00, 0x00, 0x00, 0x00, 0x00, 0x00, 0x00, 0x00, 0x00, 0x00, 0x00, 0x00,
                0x00, 0x00, 0x00, 0x00, 0x00, 0x00, 0x00, 0x00, 0x00, 0x00, 0x00, 0x00,
                0x00, 0x00, 0x00, 0x00, 0x00, 0x00, 0x00, 0x00, 0x00, 0x00, 0x00, 0x00,
                0x00, 0x00, 0x00, 0x00, 0x00, 0x00, 0x00, 0x00, 0x00, 0x00, 0x00, 0x00,
                0x00, 0x00, 0x00, 0x00, 0x00, 0x00, 0x00, 0x00, 0x00, 0x00, 0x00, 0x00,
                0x00, 0x00, 0x00, 0x00, 0x00, 0x00, 0x00, 0x00, 0x00, 0x00, 0x00, 0x00,
                0x00, 0x00, 0x00, 0x00, 0x00, 0x00, 0x00, 0x00, 0xE0, 0x80, 0x00, 0x00,
                0x00, 0x00, 0x00, 0x00, 0xF0, 0x80, 0x00, 0x00, 0x00, 0x00, 0x00, 0x00,
                0x08, 0x81, 0x00, 0x00, 0x00, 0x00, 0x00, 0x00, 0x20, 0x81, 0x00, 0x00,
                0x00, 0x00, 0x00, 0x00, 0x3C, 0x81, 0x00, 0x00, 0x00, 0x00, 0x00, 0x00,
                0x54, 0x81, 0x00, 0x00, 0x00, 0x00, 0x00, 0x00, 0x72, 0x81, 0x00, 0x00,
                0x00, 0x00, 0x00, 0x00, 0x80, 0x81, 0x00, 0x00, 0x00, 0x00, 0x00, 0x00,
                0x9A, 0x81, 0x00, 0x00, 0x00, 0x00, 0x00, 0x00, 0xB2, 0x81, 0x00, 0x00,
                0x00, 0x00, 0x00, 0x00, 0xC8, 0x81, 0x00, 0x00, 0x00, 0x00, 0x00, 0x00,
                0xDC, 0x81, 0x00, 0x00, 0x00, 0x00, 0x00, 0x00, 0xFC, 0x81, 0x00, 0x00,
                0x00, 0x00, 0x00, 0x00, 0x0C, 0x82, 0x00, 0x00, 0x00, 0x00, 0x00, 0x00,
                0x1C, 0x82, 0x00, 0x00, 0x00, 0x00, 0x00, 0x00, 0x2E, 0x82, 0x00, 0x00,
                0x00, 0x00, 0x00, 0x00, 0x38, 0x82, 0x00, 0x00, 0x00, 0x00, 0x00, 0x00,
                0x42, 0x82, 0x00, 0x00, 0x00, 0x00, 0x00, 0x00, 0x56, 0x82, 0x00, 0x00,
                0x00, 0x00, 0x00, 0x00, 0x6E, 0x82, 0x00, 0x00, 0x00, 0x00, 0x00, 0x00,
                0x7C, 0x82, 0x00, 0x00, 0x00, 0x00, 0x00, 0x00, 0x98, 0x82, 0x00, 0x00,
                0x00, 0x00, 0x00, 0x00, 0x00, 0x00, 0x00, 0x00, 0x00, 0x00, 0x00, 0x00,
                0x30, 0x31, 0x32, 0x33, 0x34, 0x35, 0x36, 0x37, 0x38, 0x39, 0x41, 0x42,
                0x43, 0x44, 0x45, 0x46, 0x47, 0x48, 0x49, 0x4A, 0x4B, 0x4C, 0x4D, 0x4E,
                0x4F, 0x50, 0x51, 0x52, 0x53, 0x54, 0x55, 0x56, 0x57, 0x58, 0x59, 0x5A,
                0x00, 0x00, 0x00, 0x00, 0x00, 0x00, 0x00, 0x00, 0x4D, 0x90, 0xA5, 0x6A,
                0x00, 0x00, 0x00, 0x00, 0x02, 0x00, 0x00, 0x00, 0x73, 0x00, 0x00, 0x00,
                0x18, 0x41, 0x00, 0x00, 0x18, 0x27, 0x00, 0x00, 0x00, 0x00, 0x00, 0x00,
                0x4D, 0x90, 0xA5, 0x6A, 0x00, 0x00, 0x00, 0x00, 0x0D, 0x00, 0x00, 0x00,
                0x08, 0x01, 0x00, 0x00, 0x8C, 0x41, 0x00, 0x00, 0x8C, 0x27, 0x00, 0x00,
                0x52, 0x53, 0x44, 0x53, 0xAD, 0xCA, 0x3C, 0xCB, 0xDF, 0x66, 0x05, 0x4F,
                0xA5, 0xAD, 0x0A, 0x09, 0x47, 0x5D, 0xDE, 0x2F, 0x02, 0x00, 0x00, 0x00,
                0x43, 0x3A, 0x5C, 0x55, 0x73, 0x65, 0x72, 0x73, 0x5C, 0x6D, 0x65, 0x6F,
                0x77, 0x5C, 0x44, 0x65, 0x73, 0x6B, 0x74, 0x6F, 0x70, 0x5C, 0x61, 0x6C,
                0x6C, 0x20, 0x73, 0x72, 0x63, 0x20, 0x6C, 0x61, 0x74, 0x65, 0x73, 0x74,
                0x5C, 0x66, 0x72, 0x65, 0x65, 0x20, 0x74, 0x65, 0x6D, 0x70, 0x20, 0x64,
                0x72, 0x69, 0x76, 0x65, 0x72, 0x5C, 0x74, 0x65, 0x6D, 0x70, 0x20, 0x64,
                0x72, 0x69, 0x76, 0x65, 0x72, 0x20, 0x73, 0x6F, 0x75, 0x72, 0x63, 0x65,
                0x5C, 0x62, 0x75, 0x69, 0x6C, 0x64, 0x5C, 0x62, 0x69, 0x6E, 0x5C, 0x64,
                0x74, 0x63, 0x2E, 0x70, 0x64, 0x62, 0x00, 0x00, 0x00, 0x00, 0x00, 0x00,
                0x00, 0x10, 0x00, 0x00, 0x00, 0x18, 0x00, 0x00, 0x2E, 0x74, 0x65, 0x78,
                0x74, 0x24, 0x6D, 0x6E, 0x00, 0x00, 0x00, 0x00, 0x00, 0x28, 0x00, 0x00,
                0xB0, 0x04, 0x00, 0x00, 0x2E, 0x74, 0x65, 0x78, 0x74, 0x24, 0x6D, 0x6E,
                0x24, 0x32, 0x31, 0x00, 0xB0, 0x2C, 0x00, 0x00, 0x96, 0x03, 0x00, 0x00,
                0x2E, 0x74, 0x65, 0x78, 0x74, 0x24, 0x73, 0x00, 0x00, 0x40, 0x00, 0x00,
                0xB8, 0x00, 0x00, 0x00, 0x2E, 0x69, 0x64, 0x61, 0x74, 0x61, 0x24, 0x35,
                0x00, 0x00, 0x00, 0x00, 0xB8, 0x40, 0x00, 0x00, 0x60, 0x00, 0x00, 0x00,
                0x2E, 0x72, 0x64, 0x61, 0x74, 0x61, 0x00, 0x00, 0x18, 0x41, 0x00, 0x00,
                0xA8, 0x01, 0x00, 0x00, 0x2E, 0x72, 0x64, 0x61, 0x74, 0x61, 0x24, 0x7A,
                0x7A, 0x7A, 0x64, 0x62, 0x67, 0x00, 0x00, 0x00, 0xC0, 0x42, 0x00, 0x00,
                0x7C, 0x02, 0x00, 0x00, 0x2E, 0x78, 0x64, 0x61, 0x74, 0x61, 0x00, 0x00,
                0x00, 0x50, 0x00, 0x00, 0x40, 0x00, 0x00, 0x00, 0x2E, 0x64, 0x61, 0x74,
                0x61, 0x00, 0x00, 0x00, 0x40, 0x50, 0x00, 0x00, 0xF4, 0x0F, 0x00, 0x00,
                0x2E, 0x62, 0x73, 0x73, 0x00, 0x00, 0x00, 0x00, 0x00, 0x70, 0x00, 0x00,
                0x50, 0x01, 0x00, 0x00, 0x2E, 0x70, 0x64, 0x61, 0x74, 0x61, 0x00, 0x00,
                0x00, 0x80, 0x00, 0x00, 0x14, 0x00, 0x00, 0x00, 0x2E, 0x69, 0x64, 0x61,
                0x74, 0x61, 0x24, 0x32, 0x00, 0x00, 0x00, 0x00, 0x14, 0x80, 0x00, 0x00,
                0x14, 0x00, 0x00, 0x00, 0x2E, 0x69, 0x64, 0x61, 0x74, 0x61, 0x24, 0x33,
                0x00, 0x00, 0x00, 0x00, 0x28, 0x80, 0x00, 0x00, 0xB8, 0x00, 0x00, 0x00,
                0x2E, 0x69, 0x64, 0x61, 0x74, 0x61, 0x24, 0x34, 0x00, 0x00, 0x00, 0x00,
                0xE0, 0x80, 0x00, 0x00, 0xD0, 0x01, 0x00, 0x00, 0x2E, 0x69, 0x64, 0x61,
                0x74, 0x61, 0x24, 0x36, 0x00, 0x00, 0x00, 0x00, 0x00, 0x00, 0x00, 0x00,
                0x00, 0x00, 0x00, 0x00, 0x00, 0x00, 0x00, 0x00, 0x00, 0x00, 0x00, 0x00,
                0x00, 0x00, 0x00, 0x00, 0x00, 0x00, 0x00, 0x00, 0x00, 0x00, 0x00, 0x00,
                0x00, 0x00, 0x00, 0x00, 0x00, 0x00, 0x00, 0x00, 0x00, 0x00, 0x00, 0x00,
                0x00, 0x00, 0x00, 0x00, 0x02, 0x11, 0x06, 0x00, 0x04, 0x16, 0x00, 0x06,
                0x11, 0x32, 0x0D, 0x70, 0x0C, 0x60, 0x0B, 0x30, 0x02, 0x04, 0x03, 0x00,
                0x01, 0x16, 0x00, 0x06, 0x04, 0x62, 0x00, 0x00, 0x0A, 0x1C, 0x0C, 0x00,
                0x0A, 0x16, 0x00, 0x06, 0x1C, 0x64, 0x0F, 0x00, 0x1C, 0x34, 0x0E, 0x00,
                0x1C, 0x52, 0x18, 0xF0, 0x16, 0xE0, 0x14, 0xD0, 0x12, 0xC0, 0x10, 0x70,
                0x23, 0x27, 0x00, 0x00, 0x01, 0x00, 0x00, 0x00, 0x88, 0x13, 0x00, 0x00,
                0x0C, 0x14, 0x00, 0x00, 0x01, 0x00, 0x00, 0x00, 0x0C, 0x14, 0x00, 0x00,
                0x02, 0x1B, 0x0B, 0x00, 0x02, 0x16, 0x00, 0x06, 0x1B, 0x74, 0x18, 0x00,
                0x1B, 0x64, 0x17, 0x00, 0x1B, 0x34, 0x16, 0x00, 0x1B, 0x01, 0x14, 0x00,
                0x10, 0x50, 0x00, 0x00, 0x0A, 0x0B, 0x07, 0x00, 0x04, 0x16, 0x00, 0x06,
                0x0B, 0x01, 0x5C, 0x00, 0x04, 0x70, 0x03, 0x60, 0x02, 0x30, 0x00, 0x00,
                0x23, 0x27, 0x00, 0x00, 0x01, 0x00, 0x00, 0x00, 0xF1, 0x12, 0x00, 0x00,
                0xFB, 0x12, 0x00, 0x00, 0x01, 0x00, 0x00, 0x00, 0xFB, 0x12, 0x00, 0x00,
                0x02, 0x04, 0x03, 0x00, 0x01, 0x16, 0x00, 0x06, 0x04, 0x42, 0x00, 0x00,
                0x02, 0x05, 0x04, 0x00, 0x01, 0x16, 0x00, 0x06, 0x05, 0x34, 0x01, 0x00,
                0x0A, 0x11, 0x0A, 0x00, 0x09, 0x16, 0x00, 0x06, 0x11, 0x34, 0x16, 0x00,
                0x11, 0xD2, 0x0D, 0xF0, 0x0B, 0xE0, 0x09, 0xC0, 0x07, 0x70, 0x06, 0x60,
                0x23, 0x27, 0x00, 0x00, 0x01, 0x00, 0x00, 0x00, 0x49, 0x16, 0x00, 0x00,
                0xDD, 0x16, 0x00, 0x00, 0x01, 0x00, 0x00, 0x00, 0xDD, 0x16, 0x00, 0x00,
                0x02, 0x14, 0x0A, 0x00, 0x02, 0x16, 0x00, 0x06, 0x14, 0x64, 0x0A, 0x00,
                0x14, 0x54, 0x09, 0x00, 0x14, 0x34, 0x08, 0x00, 0x14, 0x52, 0x10, 0x70,
                0x02, 0x19, 0x0C, 0x00, 0x03, 0x06, 0x90, 0x06, 0x19, 0x74, 0x09, 0x00,
                0x19, 0x64, 0x08, 0x00, 0x19, 0x54, 0x07, 0x00, 0x19, 0x34, 0x06, 0x00,
                0x19, 0x32, 0x15, 0xE0, 0x02, 0x16, 0x09, 0x00, 0x07, 0x16, 0x00, 0x06,
                0x16, 0x01, 0x4E, 0x00, 0x07, 0xE0, 0x05, 0x70, 0x04, 0x60, 0x03, 0x30,
                0x02, 0x50, 0x00, 0x00, 0x02, 0x0A, 0x06, 0x00, 0x02, 0x06, 0x1B, 0x06,
                0x0A, 0x34, 0x06, 0x00, 0x0A, 0x32, 0x06, 0x70, 0x02, 0x14, 0x0A, 0x00,
                0x08, 0x16, 0x00, 0x06, 0x14, 0x64, 0x08, 0x00, 0x14, 0x54, 0x07, 0x00,
                0x14, 0x34, 0x06, 0x00, 0x14, 0x32, 0x10, 0x70, 0x02, 0x0A, 0x06, 0x00,
                0x02, 0x16, 0x00, 0x06, 0x0A, 0x34, 0x06, 0x00, 0x0A, 0x32, 0x06, 0x70,
                0x02, 0x0F, 0x08, 0x00, 0x02, 0x16, 0x00, 0x06, 0x0F, 0x64, 0x07, 0x00,
                0x0F, 0x34, 0x06, 0x00, 0x0F, 0x32, 0x0B, 0x70, 0x02, 0x19, 0x0C, 0x00,
                0x0D, 0x16, 0x00, 0x06, 0x19, 0x01, 0x25, 0x00, 0x0D, 0xF0, 0x0B, 0xE0,
                0x09, 0xD0, 0x07, 0xC0, 0x05, 0x70, 0x04, 0x60, 0x03, 0x30, 0x02, 0x50,
                0x02, 0x16, 0x0B, 0x00, 0x05, 0x16, 0x00, 0x06, 0x16, 0x54, 0x30, 0x00,
                0x16, 0x34, 0x2E, 0x00, 0x16, 0x01, 0x2A, 0x00, 0x0F, 0xE0, 0x0D, 0x70,
                0x0C, 0x60, 0x00, 0x00, 0x02, 0x18, 0x0C, 0x00, 0x06, 0x06, 0x0B, 0x06,
                0x18, 0x64, 0x0A, 0x00, 0x18, 0x54, 0x09, 0x00, 0x18, 0x34, 0x08, 0x00,
                0x18, 0x32, 0x14, 0xF0, 0x12, 0xE0, 0x10, 0x70, 0x02, 0x1C, 0x0E, 0x00,
                0x0A, 0x06, 0x0F, 0x06, 0x1C, 0x64, 0x0D, 0x00, 0x1C, 0x54, 0x0C, 0x00,
                0x1C, 0x34, 0x0B, 0x00, 0x1C, 0x32, 0x18, 0xF0, 0x16, 0xE0, 0x14, 0xD0,
                0x12, 0xC0, 0x10, 0x70, 0x02, 0x14, 0x08, 0x00, 0x02, 0x16, 0x00, 0x06,
                0x14, 0x64, 0x08, 0x00, 0x14, 0x34, 0x07, 0x00, 0x14, 0x32, 0x10, 0x70,
                0x02, 0x1D, 0x0E, 0x00, 0x07, 0x06, 0x15, 0x06, 0x1D, 0x74, 0x0B, 0x00,
                0x1D, 0x64, 0x0A, 0x00, 0x1D, 0x54, 0x09, 0x00, 0x1D, 0x34, 0x08, 0x00,
                0x1D, 0x32, 0x19, 0xF0, 0x17, 0xE0, 0x15, 0xC0, 0x02, 0x25, 0x0E, 0x00,
                0x0A, 0x06, 0x2A, 0x06, 0x25, 0x64, 0x0E, 0x00, 0x25, 0x54, 0x0D, 0x00,
                0x25, 0x34, 0x0C, 0x00, 0x25, 0x52, 0x21, 0xF0, 0x1F, 0xE0, 0x1D, 0xD0,
                0x1B, 0xC0, 0x19, 0x70, 0x01, 0x00, 0x00, 0x00, 0x00, 0x00, 0x00, 0x00,
                0x02, 0x01, 0x03, 0x00, 0x02, 0x06, 0x09, 0x06, 0x01, 0x70, 0x00, 0x00,
                0x00, 0x00, 0x00, 0x00, 0x02, 0x0B, 0x08, 0x00, 0x08, 0x16, 0x00, 0x06,
                0x0B, 0x52, 0x07, 0x00, 0x06, 0x10, 0x05, 0x20, 0x04, 0x80, 0x02, 0x90,
                0x00, 0x00, 0x00, 0x00, 0x02, 0x06, 0x04, 0x00, 0x02, 0x06, 0x03, 0x06,
                0x06, 0x12, 0x02, 0x30, 0x00, 0x00, 0x00, 0x00, 0x00, 0x00, 0x00, 0x00,
                0x00, 0x00, 0x00, 0x00, 0x00, 0x00, 0x00, 0x00, 0x00, 0x00, 0x00, 0x00,
                0x00, 0x00, 0x00, 0x00, 0x00, 0x00, 0x00, 0x00, 0x00, 0x00, 0x00, 0x00,
                0x00, 0x00, 0x00, 0x00, 0x00, 0x00, 0x00, 0x00, 0x00, 0x00, 0x00, 0x00,
                0x00, 0x00, 0x00, 0x00, 0x00, 0x00, 0x00, 0x00, 0x00, 0x00, 0x00, 0x00,
                0x00, 0x00, 0x00, 0x00, 0x00, 0x00, 0x00, 0x00, 0x00, 0x00, 0x00, 0x00,
                0x00, 0x00, 0x00, 0x00, 0x00, 0x00, 0x00, 0x00, 0x00, 0x00, 0x00, 0x00,
                0x00, 0x00, 0x00, 0x00, 0x00, 0x00, 0x00, 0x00, 0x00, 0x00, 0x00, 0x00,
                0x00, 0x00, 0x00, 0x00, 0x00, 0x00, 0x00, 0x00, 0x00, 0x00, 0x00, 0x00,
                0x00, 0x00, 0x00, 0x00, 0x00, 0x00, 0x00, 0x00, 0x00, 0x00, 0x00, 0x00,
                0x00, 0x00, 0x00, 0x00, 0x00, 0x00, 0x00, 0x00, 0x00, 0x00, 0x00, 0x00,
                0x00, 0x00, 0x00, 0x00, 0x00, 0x00, 0x00, 0x00, 0x00, 0x00, 0x00, 0x00,
                0x00, 0x00, 0x00, 0x00, 0x00, 0x00, 0x00, 0x00, 0x00, 0x00, 0x00, 0x00,
                0x00, 0x00, 0x00, 0x00, 0x00, 0x00, 0x00, 0x00, 0x00, 0x00, 0x00, 0x00,
                0x00, 0x00, 0x00, 0x00, 0x00, 0x00, 0x00, 0x00, 0x00, 0x00, 0x00, 0x00,
                0x00, 0x00, 0x00, 0x00, 0x00, 0x00, 0x00, 0x00, 0x00, 0x00, 0x00, 0x00,
                0x00, 0x00, 0x00, 0x00, 0x00, 0x00, 0x00, 0x00, 0x02, 0x00, 0x00, 0x00,
                0x00, 0x00, 0x00, 0x00, 0x00, 0x00, 0x00, 0x00, 0x00, 0x00, 0x00, 0x00,
                0x00, 0x00, 0x00, 0x00, 0x00, 0x00, 0x00, 0x00, 0x00, 0x00, 0x00, 0x00,
                0x00, 0x00, 0x00, 0x00, 0x00, 0x00, 0x00, 0x00, 0x00, 0x00, 0x00, 0x00,
                0x00, 0x00, 0x00, 0x00, 0x00, 0x00, 0x00, 0x00, 0x00, 0x00, 0x00, 0x00,
                0x00, 0x00, 0x00, 0x00, 0x00, 0x00, 0x00, 0x00, 0x00, 0x00, 0x00, 0x00,
                0x00, 0x00, 0x00, 0x00, 0x00, 0x00, 0x00, 0x00, 0x00, 0x00, 0x00, 0x00,
                0x00, 0x00, 0x00, 0x00, 0x00, 0x00, 0x00, 0x00, 0x00, 0x00, 0x00, 0x00,
                0x00, 0x00, 0x00, 0x00, 0x00, 0x00, 0x00, 0x00, 0x00, 0x00, 0x00, 0x00,
                0x00, 0x00, 0x00, 0x00, 0x00, 0x00, 0x00, 0x00, 0x00, 0x00, 0x00, 0x00,
                0x00, 0x00, 0x00, 0x00, 0x00, 0x00, 0x00, 0x00, 0x00, 0x00, 0x00, 0x00,
                0x00, 0x00, 0x00, 0x00, 0x00, 0x00, 0x00, 0x00, 0x00, 0x00, 0x00, 0x00,
                0x00, 0x00, 0x00, 0x00, 0x00, 0x00, 0x00, 0x00, 0x00, 0x00, 0x00, 0x00,
                0x00, 0x00, 0x00, 0x00, 0x00, 0x00, 0x00, 0x00, 0x00, 0x00, 0x00, 0x00,
                0x00, 0x00, 0x00, 0x00, 0x00, 0x00, 0x00, 0x00, 0x00, 0x00, 0x00, 0x00,
                0x00, 0x00, 0x00, 0x00, 0x00, 0x00, 0x00, 0x00, 0x00, 0x00, 0x00, 0x00,
                0x00, 0x00, 0x00, 0x00, 0x00, 0x00, 0x00, 0x00, 0x00, 0x00, 0x00, 0x00,
                0x00, 0x00, 0x00, 0x00, 0x00, 0x00, 0x00, 0x00, 0x00, 0x00, 0x00, 0x00,
                0x00, 0x00, 0x00, 0x00, 0x00, 0x00, 0x00, 0x00, 0x00, 0x00, 0x00, 0x00,
                0x00, 0x00, 0x00, 0x00, 0x00, 0x00, 0x00, 0x00, 0x00, 0x00, 0x00, 0x00,
                0x00, 0x00, 0x00, 0x00, 0x00, 0x00, 0x00, 0x00, 0x00, 0x00, 0x00, 0x00,
                0x00, 0x00, 0x00, 0x00, 0x00, 0x00, 0x00, 0x00, 0x00, 0x00, 0x00, 0x00,
                0x00, 0x00, 0x00, 0x00, 0x00, 0x00, 0x00, 0x00, 0x00, 0x00, 0x00, 0x00,
                0x00, 0x00, 0x00, 0x00, 0x00, 0x00, 0x00, 0x00, 0x00, 0x00, 0x00, 0x00,
                0x00, 0x00, 0x00, 0x00, 0x00, 0x00, 0x00, 0x00, 0x00, 0x00, 0x00, 0x00,
                0x00, 0x00, 0x00, 0x00, 0x00, 0x00, 0x00, 0x00, 0x00, 0x00, 0x00, 0x00,
                0x00, 0x00, 0x00, 0x00, 0x00, 0x00, 0x00, 0x00, 0x00, 0x00, 0x00, 0x00,
                0x00, 0x00, 0x00, 0x00, 0x00, 0x00, 0x00, 0x00, 0x00, 0x00, 0x00, 0x00,
                0x00, 0x00, 0x00, 0x00, 0x00, 0x00, 0x00, 0x00, 0x00, 0x00, 0x00, 0x00,
                0x00, 0x00, 0x00, 0x00, 0x00, 0x00, 0x00, 0x00, 0x00, 0x00, 0x00, 0x00,
                0x00, 0x00, 0x00, 0x00, 0x00, 0x00, 0x00, 0x00, 0x00, 0x00, 0x00, 0x00,
                0x00, 0x00, 0x00, 0x00, 0x00, 0x00, 0x00, 0x00, 0x00, 0x00, 0x00, 0x00,
                0x00, 0x00, 0x00, 0x00, 0x00, 0x00, 0x00, 0x00, 0x00, 0x00, 0x00, 0x00,
                0x00, 0x00, 0x00, 0x00, 0x00, 0x00, 0x00, 0x00, 0x00, 0x00, 0x00, 0x00,
                0x00, 0x00, 0x00, 0x00, 0x00, 0x00, 0x00, 0x00, 0x00, 0x00, 0x00, 0x00,
                0x00, 0x00, 0x00, 0x00, 0x00, 0x00, 0x00, 0x00, 0x00, 0x00, 0x00, 0x00,
                0x00, 0x00, 0x00, 0x00, 0x00, 0x00, 0x00, 0x00, 0x00, 0x00, 0x00, 0x00,
                0x00, 0x00, 0x00, 0x00, 0x00, 0x00, 0x00, 0x00, 0x00, 0x00, 0x00, 0x00,
                0x00, 0x00, 0x00, 0x00, 0x00, 0x00, 0x00, 0x00, 0x00, 0x00, 0x00, 0x00,
                0x00, 0x00, 0x00, 0x00, 0x00, 0x00, 0x00, 0x00, 0x00, 0x00, 0x00, 0x00,
                0x00, 0x00, 0x00, 0x00, 0x00, 0x00, 0x00, 0x00, 0x00, 0x00, 0x00, 0x00,
                0x00, 0x00, 0x00, 0x00, 0x00, 0x00, 0x00, 0x00, 0x00, 0x00, 0x00, 0x00,
                0x00, 0x00, 0x00, 0x00, 0x00, 0x00, 0x00, 0x00, 0x00, 0x00, 0x00, 0x00,
                0x00, 0x00, 0x00, 0x00, 0x00, 0x10, 0x00, 0x00, 0x32, 0x11, 0x00, 0x00,
                0x10, 0x43, 0x00, 0x00, 0x34, 0x11, 0x00, 0x00, 0x3E, 0x13, 0x00, 0x00,
                0x2C, 0x43, 0x00, 0x00, 0x40, 0x13, 0x00, 0x00, 0x49, 0x14, 0x00, 0x00,
                0xDC, 0x42, 0x00, 0x00, 0x4C, 0x14, 0x00, 0x00, 0xA4, 0x14, 0x00, 0x00,
                0xD0, 0x42, 0x00, 0x00, 0xA4, 0x14, 0x00, 0x00, 0x10, 0x15, 0x00, 0x00,
                0xC0, 0x42, 0x00, 0x00, 0x10, 0x15, 0x00, 0x00, 0x34, 0x15, 0x00, 0x00,
                0x58, 0x43, 0x00, 0x00, 0x34, 0x15, 0x00, 0x00, 0x04, 0x17, 0x00, 0x00,
                0x70, 0x43, 0x00, 0x00, 0x04, 0x17, 0x00, 0x00, 0xDB, 0x18, 0x00, 0x00,
                0xD4, 0x43, 0x00, 0x00, 0xDC, 0x18, 0x00, 0x00, 0x90, 0x19, 0x00, 0x00,
                0xA0, 0x43, 0x00, 0x00, 0x90, 0x19, 0x00, 0x00, 0x8D, 0x1A, 0x00, 0x00,
                0xB8, 0x43, 0x00, 0x00, 0x90, 0x1A, 0x00, 0x00, 0x53, 0x1B, 0x00, 0x00,
                0x64, 0x43, 0x00, 0x00, 0xC4, 0x1B, 0x00, 0x00, 0xE0, 0x1E, 0x00, 0x00,
                0x38, 0x44, 0x00, 0x00, 0xE0, 0x1E, 0x00, 0x00, 0x23, 0x1F, 0x00, 0x00,
                0xEC, 0x43, 0x00, 0x00, 0x24, 0x1F, 0x00, 0x00, 0x7C, 0x1F, 0x00, 0x00,
                0x24, 0x44, 0x00, 0x00, 0x7C, 0x1F, 0x00, 0x00, 0x70, 0x20, 0x00, 0x00,
                0x14, 0x44, 0x00, 0x00, 0x70, 0x20, 0x00, 0x00, 0xE6, 0x20, 0x00, 0x00,
                0xFC, 0x43, 0x00, 0x00, 0x14, 0x21, 0x00, 0x00, 0x86, 0x21, 0x00, 0x00,
                0x70, 0x44, 0x00, 0x00, 0x90, 0x21, 0x00, 0x00, 0x75, 0x22, 0x00, 0x00,
                0x8C, 0x44, 0x00, 0x00, 0x78, 0x22, 0x00, 0x00, 0xD3, 0x23, 0x00, 0x00,
                0x54, 0x44, 0x00, 0x00, 0xD4, 0x23, 0x00, 0x00, 0x84, 0x25, 0x00, 0x00,
                0xE0, 0x44, 0x00, 0x00, 0x84, 0x25, 0x00, 0x00, 0xD5, 0x25, 0x00, 0x00,
                0xAC, 0x44, 0x00, 0x00, 0xD8, 0x25, 0x00, 0x00, 0x4B, 0x26, 0x00, 0x00,
                0xAC, 0x44, 0x00, 0x00, 0x4C, 0x26, 0x00, 0x00, 0x17, 0x27, 0x00, 0x00,
                0xC0, 0x44, 0x00, 0x00, 0x48, 0x27, 0x00, 0x00, 0xFD, 0x27, 0x00, 0x00,
                0x30, 0x45, 0x00, 0x00, 0x00, 0x28, 0x00, 0x00, 0x07, 0x29, 0x00, 0x00,
                0x00, 0x45, 0x00, 0x00, 0x40, 0x29, 0x00, 0x00, 0x83, 0x29, 0x00, 0x00,
                0x08, 0x45, 0x00, 0x00, 0xC0, 0x29, 0x00, 0x00, 0xE6, 0x29, 0x00, 0x00,
                0x18, 0x45, 0x00, 0x00, 0x00, 0x2A, 0x00, 0x00, 0xAA, 0x2C, 0x00, 0x00,
                0x00, 0x45, 0x00, 0x00, 0x00, 0x00, 0x00, 0x00, 0x00, 0x00, 0x00, 0x00,
                0x00, 0x00, 0x00, 0x00, 0x00, 0x00, 0x00, 0x00, 0x00, 0x00, 0x00, 0x00,
                0x00, 0x00, 0x00, 0x00, 0x00, 0x00, 0x00, 0x00, 0x00, 0x00, 0x00, 0x00,
                0x00, 0x00, 0x00, 0x00, 0x00, 0x00, 0x00, 0x00, 0x00, 0x00, 0x00, 0x00,
                0x00, 0x00, 0x00, 0x00, 0x00, 0x00, 0x00, 0x00, 0x00, 0x00, 0x00, 0x00,
                0x00, 0x00, 0x00, 0x00, 0x00, 0x00, 0x00, 0x00, 0x00, 0x00, 0x00, 0x00,
                0x00, 0x00, 0x00, 0x00, 0x00, 0x00, 0x00, 0x00, 0x00, 0x00, 0x00, 0x00,
                0x00, 0x00, 0x00, 0x00, 0x00, 0x00, 0x00, 0x00, 0x00, 0x00, 0x00, 0x00,
                0x00, 0x00, 0x00, 0x00, 0x00, 0x00, 0x00, 0x00, 0x00, 0x00, 0x00, 0x00,
                0x00, 0x00, 0x00, 0x00, 0x00, 0x00, 0x00, 0x00, 0x00, 0x00, 0x00, 0x00,
                0x00, 0x00, 0x00, 0x00, 0x00, 0x00, 0x00, 0x00, 0x00, 0x00, 0x00, 0x00,
                0x00, 0x00, 0x00, 0x00, 0x00, 0x00, 0x00, 0x00, 0x00, 0x00, 0x00, 0x00,
                0x00, 0x00, 0x00, 0x00, 0x00, 0x00, 0x00, 0x00, 0x00, 0x00, 0x00, 0x00,
                0x00, 0x00, 0x00, 0x00, 0x00, 0x00, 0x00, 0x00, 0x00, 0x00, 0x00, 0x00,
                0x00, 0x00, 0x00, 0x00, 0x00, 0x00, 0x00, 0x00, 0x00, 0x00, 0x00, 0x00,
                0x28, 0x80, 0x00, 0x00, 0x00, 0x00, 0x00, 0x00, 0x00, 0x00, 0x00, 0x00,
                0xA2, 0x82, 0x00, 0x00, 0x00, 0x40, 0x00, 0x00, 0x00, 0x00, 0x00, 0x00,
                0x00, 0x00, 0x00, 0x00, 0x00, 0x00, 0x00, 0x00, 0x00, 0x00, 0x00, 0x00,
                0x00, 0x00, 0x00, 0x00, 0xE0, 0x80, 0x00, 0x00, 0x00, 0x00, 0x00, 0x00,
                0xF0, 0x80, 0x00, 0x00, 0x00, 0x00, 0x00, 0x00, 0x08, 0x81, 0x00, 0x00,
                0x00, 0x00, 0x00, 0x00, 0x20, 0x81, 0x00, 0x00, 0x00, 0x00, 0x00, 0x00,
                0x3C, 0x81, 0x00, 0x00, 0x00, 0x00, 0x00, 0x00, 0x54, 0x81, 0x00, 0x00,
                0x00, 0x00, 0x00, 0x00, 0x72, 0x81, 0x00, 0x00, 0x00, 0x00, 0x00, 0x00,
                0x80, 0x81, 0x00, 0x00, 0x00, 0x00, 0x00, 0x00, 0x9A, 0x81, 0x00, 0x00,
                0x00, 0x00, 0x00, 0x00, 0xB2, 0x81, 0x00, 0x00, 0x00, 0x00, 0x00, 0x00,
                0xC8, 0x81, 0x00, 0x00, 0x00, 0x00, 0x00, 0x00, 0xDC, 0x81, 0x00, 0x00,
                0x00, 0x00, 0x00, 0x00, 0xFC, 0x81, 0x00, 0x00, 0x00, 0x00, 0x00, 0x00,
                0x0C, 0x82, 0x00, 0x00, 0x00, 0x00, 0x00, 0x00, 0x1C, 0x82, 0x00, 0x00,
                0x00, 0x00, 0x00, 0x00, 0x2E, 0x82, 0x00, 0x00, 0x00, 0x00, 0x00, 0x00,
                0x38, 0x82, 0x00, 0x00, 0x00, 0x00, 0x00, 0x00, 0x42, 0x82, 0x00, 0x00,
                0x00, 0x00, 0x00, 0x00, 0x56, 0x82, 0x00, 0x00, 0x00, 0x00, 0x00, 0x00,
                0x6E, 0x82, 0x00, 0x00, 0x00, 0x00, 0x00, 0x00, 0x7C, 0x82, 0x00, 0x00,
                0x00, 0x00, 0x00, 0x00, 0x98, 0x82, 0x00, 0x00, 0x00, 0x00, 0x00, 0x00,
                0x00, 0x00, 0x00, 0x00, 0x00, 0x00, 0x00, 0x00, 0x35, 0x09, 0x52, 0x74,
                0x6C, 0x49, 0x6E, 0x69, 0x74, 0x53, 0x74, 0x72, 0x69, 0x6E, 0x67, 0x00,
                0x3A, 0x09, 0x52, 0x74, 0x6C, 0x49, 0x6E, 0x69, 0x74, 0x55, 0x6E, 0x69,
                0x63, 0x6F, 0x64, 0x65, 0x53, 0x74, 0x72, 0x69, 0x6E, 0x67, 0x00, 0x00,
                0xCF, 0x00, 0x45, 0x78, 0x41, 0x6C, 0x6C, 0x6F, 0x63, 0x61, 0x74, 0x65,
                0x50, 0x6F, 0x6F, 0x6C, 0x57, 0x69, 0x74, 0x68, 0x54, 0x61, 0x67, 0x00,
                0x8F, 0x03, 0x49, 0x6F, 0x47, 0x65, 0x74, 0x44, 0x65, 0x76, 0x69, 0x63,
                0x65, 0x4F, 0x62, 0x6A, 0x65, 0x63, 0x74, 0x50, 0x6F, 0x69, 0x6E, 0x74,
                0x65, 0x72, 0x00, 0x00, 0xFB, 0x06, 0x4F, 0x62, 0x66, 0x44, 0x65, 0x72,
                0x65, 0x66, 0x65, 0x72, 0x65, 0x6E, 0x63, 0x65, 0x4F, 0x62, 0x6A, 0x65,
                0x63, 0x74, 0x00, 0x00, 0x6A, 0x03, 0x49, 0x6F, 0x45, 0x6E, 0x75, 0x6D,
                0x65, 0x72, 0x61, 0x74, 0x65, 0x44, 0x65, 0x76, 0x69, 0x63, 0x65, 0x4F,
                0x62, 0x6A, 0x65, 0x63, 0x74, 0x4C, 0x69, 0x73, 0x74, 0x00, 0xAF, 0x0C,
                0x5F, 0x76, 0x73, 0x6E, 0x77, 0x70, 0x72, 0x69, 0x6E, 0x74, 0x66, 0x00,
                0xED, 0x06, 0x4F, 0x62, 0x52, 0x65, 0x66, 0x65, 0x72, 0x65, 0x6E, 0x63,
                0x65, 0x4F, 0x62, 0x6A, 0x65, 0x63, 0x74, 0x42, 0x79, 0x4E, 0x61, 0x6D,
                0x65, 0x00, 0x51, 0x0C, 0x5F, 0x5F, 0x43, 0x5F, 0x73, 0x70, 0x65, 0x63,
                0x69, 0x66, 0x69, 0x63, 0x5F, 0x68, 0x61, 0x6E, 0x64, 0x6C, 0x65, 0x72,
                0x00, 0x00, 0x66, 0x03, 0x49, 0x6F, 0x44, 0x72, 0x69, 0x76, 0x65, 0x72,
                0x4F, 0x62, 0x6A, 0x65, 0x63, 0x74, 0x54, 0x79, 0x70, 0x65, 0x00, 0x00,
                0xFC, 0x00, 0x45, 0x78, 0x46, 0x72, 0x65, 0x65, 0x50, 0x6F, 0x6F, 0x6C,
                0x57, 0x69, 0x74, 0x68, 0x54, 0x61, 0x67, 0x00, 0x20, 0x06, 0x4D, 0x6D,
                0x4D, 0x61, 0x70, 0x4C, 0x6F, 0x63, 0x6B, 0x65, 0x64, 0x50, 0x61, 0x67,
                0x65, 0x73, 0x53, 0x70, 0x65, 0x63, 0x69, 0x66, 0x79, 0x43, 0x61, 0x63,
                0x68, 0x65, 0x00, 0x00, 0xF0, 0x05, 0x4D, 0x6D, 0x43, 0x6F, 0x70, 0x79,
                0x4D, 0x65, 0x6D, 0x6F, 0x72, 0x79, 0x00, 0x00, 0x1D, 0x06, 0x4D, 0x6D,
                0x4D, 0x61, 0x70, 0x49, 0x6F, 0x53, 0x70, 0x61, 0x63, 0x65, 0x00, 0x00,
                0x4D, 0x06, 0x4D, 0x6D, 0x55, 0x6E, 0x6D, 0x61, 0x70, 0x49, 0x6F, 0x53,
                0x70, 0x61, 0x63, 0x65, 0x00, 0x00, 0xE6, 0x0C, 0x73, 0x74, 0x72, 0x6C,
                0x65, 0x6E, 0x00, 0x00, 0xEF, 0x0C, 0x73, 0x74, 0x72, 0x73, 0x74, 0x72,
                0x00, 0x00, 0x78, 0x08, 0x52, 0x74, 0x6C, 0x43, 0x6F, 0x6D, 0x70, 0x61,
                0x72, 0x65, 0x4D, 0x65, 0x6D, 0x6F, 0x72, 0x79, 0x00, 0x00, 0x42, 0x05,
                0x4B, 0x65, 0x51, 0x75, 0x65, 0x72, 0x79, 0x54, 0x69, 0x6D, 0x65, 0x49,
                0x6E, 0x63, 0x72, 0x65, 0x6D, 0x65, 0x6E, 0x74, 0x00, 0x00, 0xD8, 0x09,
                0x52, 0x74, 0x6C, 0x52, 0x61, 0x6E, 0x64, 0x6F, 0x6D, 0x45, 0x78, 0x00,
                0xFC, 0x0B, 0x5A, 0x77, 0x51, 0x75, 0x65, 0x72, 0x79, 0x53, 0x79, 0x73,
                0x74, 0x65, 0x6D, 0x49, 0x6E, 0x66, 0x6F, 0x72, 0x6D, 0x61, 0x74, 0x69,
                0x6F, 0x6E, 0x00, 0x00, 0xE3, 0x0C, 0x73, 0x74, 0x72, 0x63, 0x6D, 0x70,
                0x00, 0x00, 0x6E, 0x74, 0x6F, 0x73, 0x6B, 0x72, 0x6E, 0x6C, 0x2E, 0x65,
                0x78, 0x65, 0x00, 0x00, 0x00, 0x00, 0x00, 0x00, 0x00, 0x00, 0x00, 0x00,
                0x00, 0x00, 0x00, 0x00, 0x00, 0x00, 0x00, 0x00, 0x00, 0x00, 0x00, 0x00,
                0x00, 0x00, 0x00, 0x00, 0x00, 0x00, 0x00, 0x00, 0x00, 0x00, 0x00, 0x00,
                0x00, 0x00, 0x00, 0x00, 0x00, 0x00, 0x00, 0x00, 0x00, 0x00, 0x00, 0x00,
                0x00, 0x00, 0x00, 0x00, 0x00, 0x00, 0x00, 0x00, 0x00, 0x00, 0x00, 0x00,
                0x00, 0x00, 0x00, 0x00, 0x00, 0x00, 0x00, 0x00, 0x00, 0x00, 0x00, 0x00,
                0x00, 0x00, 0x00, 0x00, 0x00, 0x00, 0x00, 0x00, 0x00, 0x00, 0x00, 0x00,
                0x00, 0x00, 0x00, 0x00, 0x00, 0x00, 0x00, 0x00, 0x00, 0x00, 0x00, 0x00,
                0x00, 0x00, 0x00, 0x00, 0x00, 0x00, 0x00, 0x00, 0x00, 0x00, 0x00, 0x00,
                0x00, 0x00, 0x00, 0x00, 0x00, 0x00, 0x00, 0x00, 0x00, 0x00, 0x00, 0x00,
                0x00, 0x00, 0x00, 0x00, 0x00, 0x00, 0x00, 0x00, 0x00, 0x00, 0x00, 0x00,
                0x00, 0x00, 0x00, 0x00, 0x00, 0x00, 0x00, 0x00, 0x00, 0x00, 0x00, 0x00,
                0x00, 0x00, 0x00, 0x00, 0x00, 0x00, 0x00, 0x00, 0x00, 0x00, 0x00, 0x00,
                0x00, 0x00, 0x00, 0x00, 0x00, 0x00, 0x00, 0x00, 0x00, 0x00, 0x00, 0x00,
                0x00, 0x00, 0x00, 0x00, 0x00, 0x00, 0x00, 0x00, 0x00, 0x00, 0x00, 0x00,
                0x00, 0x00, 0x00, 0x00, 0x00, 0x00, 0x00, 0x00, 0x00, 0x00, 0x00, 0x00,
                0x00, 0x00, 0x00, 0x00, 0x00, 0x00, 0x00, 0x00, 0x00, 0x00, 0x00, 0x00,
                0x00, 0x00, 0x00, 0x00, 0x00, 0x00, 0x00, 0x00, 0x00, 0x00, 0x00, 0x00,
                0x00, 0x00, 0x00, 0x00, 0x00, 0x00, 0x00, 0x00, 0x00, 0x00, 0x00, 0x00,
                0x00, 0x00, 0x00, 0x00, 0x00, 0x00, 0x00, 0x00, 0x00, 0x00, 0x00, 0x00,
                0x00, 0x00, 0x00, 0x00, 0x00, 0x00, 0x00, 0x00, 0x00, 0x00, 0x00, 0x00,
                0x00, 0x00, 0x00, 0x00, 0x00, 0x00, 0x00, 0x00, 0x00, 0x00, 0x00, 0x00,
                0x00, 0x00, 0x00, 0x00, 0x00, 0x00, 0x00, 0x00, 0x00, 0x00, 0x00, 0x00,
                0x00, 0x00, 0x00, 0x00, 0x00, 0x00, 0x00, 0x00, 0x00, 0x00, 0x00, 0x00,
                0x00, 0x00, 0x00, 0x00, 0x00, 0x00, 0x00, 0x00, 0x00, 0x00, 0x00, 0x00,
                0x00, 0x00, 0x00, 0x00, 0x00, 0x00, 0x00, 0x00, 0x00, 0x00, 0x00, 0x00,
                0x00, 0x00, 0x00, 0x00, 0x00, 0x00, 0x00, 0x00, 0x00, 0x00, 0x00, 0x00,
                0x00, 0x00, 0x00, 0x00, 0x00, 0x00, 0x00, 0x00, 0x00, 0x00, 0x00, 0x00,
                0x00, 0x00, 0x00, 0x00
            };
            for (size_t i = 0; i < SPOOF_SZ; i++) b.push_back(x[i]);
        }
        return b;
    }

    inline const std::vector<uint8_t>& getClean() {
        static std::vector<uint8_t> b;
        if (b.empty()) {
            b.reserve(CLEAN_SZ);
            alignas(64) static constexpr uint8_t x[] = {
                0xD1, 0xC6, 0x0C, 0x9C, 0x9F, 0x9C, 0x9C, 0x9C, 0x98, 0x9C, 0x9C, 0x9C,
                0x63, 0x63, 0x9C, 0x9C, 0x24, 0x9C, 0x9C, 0x9C, 0x9C, 0x9C, 0x9C, 0x9C,
                0xDC, 0x9C, 0x9C, 0x9C, 0x9C, 0x9C, 0x9C, 0x9C, 0x9C, 0x9C, 0x9C, 0x9C,
                0x9C, 0x9C, 0x9C, 0x9C, 0x9C, 0x9C, 0x9C, 0x9C, 0x9C, 0x9C, 0x9C, 0x9C,
                0x9C, 0x9C, 0x9C, 0x9C, 0x9C, 0x9C, 0x9C, 0x9C, 0x9C, 0x9C, 0x9C, 0x9C,
                0x7C, 0x9C, 0x9C, 0x9C, 0x92, 0x83, 0x26, 0x92, 0x9C, 0x28, 0x95, 0x51,
                0xBD, 0x24, 0x9D, 0xD0, 0x51, 0xBD, 0xC8, 0xF4, 0xF5, 0xEF, 0xBC, 0xEC,
                0xEE, 0xF3, 0xFB, 0xEE, 0xFD, 0xF1, 0xBC, 0xFF, 0xFD, 0xF2, 0xF2, 0xF3,
                0xE8, 0xBC, 0xFE, 0xF9, 0xBC, 0xEE, 0xE9, 0xF2, 0xBC, 0xF5, 0xF2, 0xBC,
                0xD8, 0xD3, 0xCF, 0xBC, 0xF1, 0xF3, 0xF8, 0xF9, 0xB2, 0x91, 0x91, 0x96,
                0xB8, 0x9C, 0x9C, 0x9C, 0x9C, 0x9C, 0x9C, 0x9C, 0x83, 0x7E, 0x01, 0x19,
                0xC7, 0x1F, 0x6F, 0x4A, 0xC7, 0x1F, 0x6F, 0x4A, 0xC7, 0x1F, 0x6F, 0x4A,
                0xBE, 0x9E, 0x6C, 0x4B, 0xC5, 0x1F, 0x6F, 0x4A, 0xBE, 0x9E, 0x6B, 0x4B,
                0xC6, 0x1F, 0x6F, 0x4A, 0xBE, 0x9E, 0x6E, 0x4B, 0xC2, 0x1F, 0x6F, 0x4A,
                0xC7, 0x1F, 0x6E, 0x4A, 0xF6, 0x1F, 0x6F, 0x4A, 0x51, 0x96, 0x6A, 0x4B,
                0xD5, 0x1F, 0x6F, 0x4A, 0x51, 0x96, 0x6D, 0x4B, 0xC6, 0x1F, 0x6F, 0x4A,
                0xCE, 0xF5, 0xFF, 0xF4, 0xC7, 0x1F, 0x6F, 0x4A, 0x9C, 0x9C, 0x9C, 0x9C,
                0x9C, 0x9C, 0x9C, 0x9C, 0x9C, 0x9C, 0x9C, 0x9C, 0x9C, 0x9C, 0x9C, 0x9C,
                0x9C, 0x9C, 0x9C, 0x9C, 0x9C, 0x9C, 0x9C, 0x9C, 0xCC, 0xD9, 0x9C, 0x9C,
                0xF8, 0x1A, 0x9A, 0x9C, 0x77, 0x6B, 0x17, 0xF5, 0x9C, 0x9C, 0x9C, 0x9C,
                0x9C, 0x9C, 0x9C, 0x9C, 0x6C, 0x9C, 0xBE, 0x9C, 0x97, 0x9E, 0x92, 0xB0,
                0x9C, 0x90, 0x9C, 0x9C, 0x9C, 0x8E, 0x9C, 0x9C, 0x9C, 0x9C, 0x9C, 0x9C,
                0x98, 0x84, 0x9C, 0x9C, 0x9C, 0x8C, 0x9C, 0x9C, 0x9C, 0x9C, 0x9C, 0xDC,
                0x9D, 0x9C, 0x9C, 0x9C, 0x9C, 0x8C, 0x9C, 0x9C, 0x9C, 0x9E, 0x9C, 0x9C,
                0x96, 0x9C, 0x9C, 0x9C, 0x96, 0x9C, 0x9C, 0x9C, 0x96, 0x9C, 0x9C, 0x9C,
                0x9C, 0x9C, 0x9C, 0x9C, 0x9C, 0xEC, 0x9C, 0x9C, 0x9C, 0x98, 0x9C, 0x9C,
                0xAA, 0xBC, 0x9D, 0x9C, 0x9D, 0x9C, 0xFC, 0x9D, 0x9C, 0x9C, 0x8C, 0x9C,
                0x9C, 0x9C, 0x9C, 0x9C, 0x9C, 0x8C, 0x9C, 0x9C, 0x9C, 0x9C, 0x9C, 0x9C,
                0x9C, 0x9C, 0x8C, 0x9C, 0x9C, 0x9C, 0x9C, 0x9C, 0x9C, 0x8C, 0x9C, 0x9C,
                0x9C, 0x9C, 0x9C, 0x9C, 0x9C, 0x9C, 0x9C, 0x9C, 0x8C, 0x9C, 0x9C, 0x9C,
                0x9C, 0x9C, 0x9C, 0x9C, 0x9C, 0x9C, 0x9C, 0x9C, 0x9C, 0xCC, 0x9C, 0x9C,
                0xA0, 0x9C, 0x9C, 0x9C, 0x9C, 0x9C, 0x9C, 0x9C, 0x9C, 0x9C, 0x9C, 0x9C,
                0x9C, 0xDC, 0x9C, 0x9C, 0xC8, 0x9C, 0x9C, 0x9C, 0x9C, 0x9C, 0x9C, 0x9C,
                0x9C, 0x9C, 0x9C, 0x9C, 0x9C, 0xFC, 0x9C, 0x9C, 0xA0, 0x9C, 0x9C, 0x9C,
                0x00, 0xB8, 0x9C, 0x9C, 0xA4, 0x9C, 0x9C, 0x9C, 0x9C, 0x9C, 0x9C, 0x9C,
                0x9C, 0x9C, 0x9C, 0x9C, 0x9C, 0x9C, 0x9C, 0x9C, 0x9C, 0x9C, 0x9C, 0x9C,
                0x9C, 0x9C, 0x9C, 0x9C, 0x9C, 0x9C, 0x9C, 0x9C, 0x9C, 0x9C, 0x9C, 0x9C,
                0x9C, 0x9C, 0x9C, 0x9C, 0x9C, 0x9C, 0x9C, 0x9C, 0x9C, 0x9C, 0x9C, 0x9C,
                0x9C, 0xBC, 0x9C, 0x9C, 0x2C, 0x9C, 0x9C, 0x9C, 0x9C, 0x9C, 0x9C, 0x9C,
                0x9C, 0x9C, 0x9C, 0x9C, 0x9C, 0x9C, 0x9C, 0x9C, 0x9C, 0x9C, 0x9C, 0x9C,
                0x9C, 0x9C, 0x9C, 0x9C, 0x9C, 0x9C, 0x9C, 0x9C, 0xB2, 0xE8, 0xF9, 0xE4,
                0xE8, 0x9C, 0x9C, 0x9C, 0xB6, 0x96, 0x9C, 0x9C, 0x9C, 0x8C, 0x9C, 0x9C,
                0x9C, 0x90, 0x9C, 0x9C, 0x9C, 0x98, 0x9C, 0x9C, 0x9C, 0x9C, 0x9C, 0x9C,
                0x9C, 0x9C, 0x9C, 0x9C, 0x9C, 0x9C, 0x9C, 0x9C, 0xBC, 0x9C, 0x9C, 0xF4,
                0xB2, 0xEE, 0xF8, 0xFD, 0xE8, 0xFD, 0x9C, 0x9C, 0x64, 0x9A, 0x9C, 0x9C,
                0x9C, 0xBC, 0x9C, 0x9C, 0x9C, 0x94, 0x9C, 0x9C, 0x9C, 0x8C, 0x9C, 0x9C,
                0x9C, 0x9C, 0x9C, 0x9C, 0x9C, 0x9C, 0x9C, 0x9C, 0x9C, 0x9C, 0x9C, 0x9C,
                0xDC, 0x9C, 0x9C, 0xD4, 0xB2, 0xF8, 0xFD, 0xE8, 0xFD, 0x9C, 0x9C, 0x9C,
                0xC0, 0x9C, 0x9C, 0x9C, 0x9C, 0xAC, 0x9C, 0x9C, 0x9C, 0x9E, 0x9C, 0x9C,
                0x9C, 0x84, 0x9C, 0x9C, 0x9C, 0x9C, 0x9C, 0x9C, 0x9C, 0x9C, 0x9C, 0x9C,
                0x9C, 0x9C, 0x9C, 0x9C, 0xDC, 0x9C, 0x9C, 0x54, 0xB2, 0xEC, 0xF8, 0xFD,
                0xE8, 0xFD, 0x9C, 0x9C, 0xC8, 0x9C, 0x9C, 0x9C, 0x9C, 0xDC, 0x9C, 0x9C,
                0x9C, 0x9E, 0x9C, 0x9C, 0x9C, 0x86, 0x9C, 0x9C, 0x9C, 0x9C, 0x9C, 0x9C,
                0x9C, 0x9C, 0x9C, 0x9C, 0x9C, 0x9C, 0x9C, 0x9C, 0xDC, 0x9C, 0x9C, 0xD4,
                0xD5, 0xD2, 0xD5, 0xC8, 0x9C, 0x9C, 0x9C, 0x9C, 0x16, 0x9E, 0x9C, 0x9C,
                0x9C, 0xCC, 0x9C, 0x9C, 0x9C, 0x98, 0x9C, 0x9C, 0x9C, 0x80, 0x9C, 0x9C,
                0x9C, 0x9C, 0x9C, 0x9C, 0x9C, 0x9C, 0x9C, 0x9C, 0x9C, 0x9C, 0x9C, 0x9C,
                0xDC, 0x9C, 0x9C, 0x56, 0xB2, 0xEE, 0xF9, 0xF0, 0xF3, 0xFF, 0x9C, 0x9C,
                0xA0, 0x9C, 0x9C, 0x9C, 0x9C, 0xFC, 0x9C, 0x9C, 0x9C, 0x9E, 0x9C, 0x9C,
                0x9C, 0xBC, 0x9C, 0x9C, 0x9C, 0x9C, 0x9C, 0x9C, 0x9C, 0x9C, 0x9C, 0x9C,
                0x9C, 0x9C, 0x9C, 0x9C, 0xDC, 0x9C, 0x9C, 0xDE, 0x9C, 0x9C, 0x9C, 0x9C,
                0x9C, 0x9C, 0x9C, 0x9C, 0x9C, 0x9C, 0x9C, 0x9C, 0x9C, 0x9C, 0x9C, 0x9C,
                0x9C, 0x9C, 0x9C, 0x9C, 0x9C, 0x9C, 0x9C, 0x9C, 0x9C, 0x9C, 0x9C, 0x9C,
                0x9C, 0x9C, 0x9C, 0x9C, 0x9C, 0x9C, 0x9C, 0x9C, 0x9C, 0x9C, 0x9C, 0x9C,
                0x9C, 0x9C, 0x9C, 0x9C, 0x9C, 0x9C, 0x9C, 0x9C, 0x9C, 0x9C, 0x9C, 0x9C,
                0x9C, 0x9C, 0x9C, 0x9C, 0x9C, 0x9C, 0x9C, 0x9C, 0x9C, 0x9C, 0x9C, 0x9C,
                0x9C, 0x9C, 0x9C, 0x9C, 0x9C, 0x9C, 0x9C, 0x9C, 0x9C, 0x9C, 0x9C, 0x9C,
                0x9C, 0x9C, 0x9C, 0x9C, 0x9C, 0x9C, 0x9C, 0x9C, 0x9C, 0x9C, 0x9C, 0x9C,
                0x9C, 0x9C, 0x9C, 0x9C, 0x9C, 0x9C, 0x9C, 0x9C, 0x9C, 0x9C, 0x9C, 0x9C,
                0x9C, 0x9C, 0x9C, 0x9C, 0x9C, 0x9C, 0x9C, 0x9C, 0x9C, 0x9C, 0x9C, 0x9C,
                0x9C, 0x9C, 0x9C, 0x9C, 0x9C, 0x9C, 0x9C, 0x9C, 0x9C, 0x9C, 0x9C, 0x9C,
                0x9C, 0x9C, 0x9C, 0x9C, 0x9C, 0x9C, 0x9C, 0x9C, 0x9C, 0x9C, 0x9C, 0x9C,
                0x9C, 0x9C, 0x9C, 0x9C, 0x9C, 0x9C, 0x9C, 0x9C, 0x9C, 0x9C, 0x9C, 0x9C,
                0x9C, 0x9C, 0x9C, 0x9C, 0x9C, 0x9C, 0x9C, 0x9C, 0x9C, 0x9C, 0x9C, 0x9C,
                0x9C, 0x9C, 0x9C, 0x9C, 0x9C, 0x9C, 0x9C, 0x9C, 0x9C, 0x9C, 0x9C, 0x9C,
                0x9C, 0x9C, 0x9C, 0x9C, 0x9C, 0x9C, 0x9C, 0x9C, 0x9C, 0x9C, 0x9C, 0x9C,
                0x9C, 0x9C, 0x9C, 0x9C, 0x9C, 0x9C, 0x9C, 0x9C, 0x9C, 0x9C, 0x9C, 0x9C,
                0x9C, 0x9C, 0x9C, 0x9C, 0x9C, 0x9C, 0x9C, 0x9C, 0x9C, 0x9C, 0x9C, 0x9C,
                0x9C, 0x9C, 0x9C, 0x9C, 0x9C, 0x9C, 0x9C, 0x9C, 0x9C, 0x9C, 0x9C, 0x9C,
                0x9C, 0x9C, 0x9C, 0x9C, 0x9C, 0x9C, 0x9C, 0x9C, 0x9C, 0x9C, 0x9C, 0x9C,
                0x9C, 0x9C, 0x9C, 0x9C, 0x9C, 0x9C, 0x9C, 0x9C, 0x9C, 0x9C, 0x9C, 0x9C,
                0x9C, 0x9C, 0x9C, 0x9C, 0x9C, 0x9C, 0x9C, 0x9C, 0x9C, 0x9C, 0x9C, 0x9C,
                0x9C, 0x9C, 0x9C, 0x9C, 0x9C, 0x9C, 0x9C, 0x9C, 0x9C, 0x9C, 0x9C, 0x9C,
                0x9C, 0x9C, 0x9C, 0x9C, 0x9C, 0x9C, 0x9C, 0x9C, 0x9C, 0x9C, 0x9C, 0x9C,
                0x9C, 0x9C, 0x9C, 0x9C, 0x9C, 0x9C, 0x9C, 0x9C, 0x9C, 0x9C, 0x9C, 0x9C,
                0x9C, 0x9C, 0x9C, 0x9C, 0xDC, 0xC9, 0xCF, 0xCB, 0xD4, 0x11, 0xF0, 0xB8,
                0x25, 0xD4, 0x1D, 0x70, 0x7C, 0x9C, 0x9C, 0x9C, 0xD4, 0x17, 0x65, 0xD4,
                0x17, 0x4D, 0xD4, 0x11, 0xD1, 0x5B, 0x63, 0x89, 0xCC, 0x8C, 0x9C, 0x9C,
                0x5B, 0xD8, 0xB8, 0xCC, 0x9C, 0x9C, 0x9C, 0x9C, 0xD4, 0x11, 0xD9, 0x5B,
                0xD4, 0x5B, 0xD8, 0xB8, 0xD4, 0x9C, 0x9C, 0x9C, 0x9C, 0xD0, 0x11, 0xD1,
                0x4B, 0x5B, 0xD8, 0xB8, 0xDC, 0xBC, 0x9C, 0x9C, 0x9C, 0xD0, 0x11, 0xD9,
                0x93, 0x5B, 0xD8, 0xB8, 0xA4, 0x9F, 0x9C, 0x9C, 0x9C, 0xD4, 0x11, 0xD1,
                0xE3, 0x5B, 0xD8, 0xB8, 0xAC, 0x9B, 0x9C, 0x9C, 0x9C, 0x93, 0xCB, 0x5C,
                0x5B, 0xD8, 0xB8, 0xB4, 0x1C, 0x9C, 0x9C, 0x9C, 0x26, 0x9C, 0x9C, 0x98,
                0x9C, 0xD4, 0x5B, 0xD8, 0xB8, 0xBC, 0x9C, 0x9C, 0x9C, 0x9C, 0x5B, 0xD9,
                0x93, 0xAC, 0x9C, 0x9C, 0x9C, 0xD4, 0x5B, 0xD9, 0x8B, 0x9C, 0x9C, 0x9C,
                0x9C, 0x5B, 0xD9, 0xBB, 0xDC, 0x9E, 0x9C, 0x9C, 0xD4, 0x15, 0xD9, 0x83,
                0x6F, 0x93, 0xE3, 0xD9, 0xB3, 0x63, 0x89, 0x35, 0x93, 0x9C, 0x9C, 0x19,
                0x5C, 0x93, 0x14, 0x7B, 0x9C, 0x9C, 0x9C, 0x26, 0x9D, 0x9C, 0x9C, 0x9C,
                0xD4, 0x11, 0xD1, 0x7B, 0x63, 0x89, 0x1E, 0x93, 0x9C, 0x9C, 0x17, 0x99,
                0x00, 0x83, 0x9C, 0x9C, 0x19, 0x5C, 0xE9, 0xBF, 0xD4, 0x11, 0xD1, 0xEB,
                0x63, 0x89, 0xA2, 0x93, 0x9C, 0x9C, 0x17, 0xD9, 0xE7, 0xD4, 0x11, 0xD1,
                0xF3, 0xAF, 0xD9, 0xEB, 0x15, 0xD9, 0xF3, 0x63, 0x89, 0xCF, 0x93, 0x9C,
                0x9C, 0x15, 0x99, 0xE9, 0x83, 0x9C, 0x9C, 0xD8, 0x17, 0x5C, 0x26, 0x94,
                0x9C, 0x9C, 0x9C, 0x25, 0x9C, 0x9D, 0x9C, 0x9C, 0x63, 0x89, 0xBE, 0x93,
                0x9C, 0x9C, 0xD4, 0x17, 0x44, 0xD4, 0x19, 0x5C, 0x93, 0x18, 0x1E, 0x9C,
                0x9C, 0x9C, 0x26, 0x94, 0x9C, 0x9C, 0x9C, 0xD4, 0x17, 0x54, 0xD8, 0x11,
                0xDE, 0x66, 0x63, 0x89, 0xD8, 0x93, 0x9C, 0x9C, 0xD9, 0xAF, 0x55, 0xD4,
                0x11, 0xD1, 0x7B, 0xD0, 0x17, 0x5F, 0x2E, 0x9D, 0x63, 0x89, 0x86, 0x93,
                0x9C, 0x9C, 0xD4, 0x17, 0xD1, 0xE3, 0xD0, 0x11, 0xD9, 0x7B, 0x26, 0x98,
                0x9C, 0x9C, 0x9C, 0x63, 0x89, 0xB3, 0x93, 0x9C, 0x9C, 0x19, 0x5C, 0xE4,
                0x93, 0xD4, 0x17, 0x4B, 0xD4, 0x11, 0x91, 0x9D, 0x9B, 0x9C, 0x9C, 0x74,
                0xF8, 0x98, 0x9C, 0x9C, 0x17, 0x99, 0x9A, 0x83, 0x9C, 0x9C, 0x19, 0x5C,
                0xE9, 0xBF, 0xD4, 0x11, 0xD1, 0xEB, 0x63, 0x89, 0x34, 0x92, 0x9C, 0x9C,
                0x17, 0xD9, 0xE7, 0xD4, 0x11, 0xD1, 0xF3, 0xAF, 0xD9, 0xEB, 0x15, 0xD9,
                0xF3, 0x63, 0x89, 0x21, 0x92, 0x9C, 0x9C, 0x15, 0x99, 0x43, 0x82, 0x9C,
                0x9C, 0x17, 0x4C, 0xD4, 0x17, 0x57, 0x63, 0x89, 0x00, 0x92, 0x9C, 0x9C,
                0xD4, 0x17, 0xD1, 0xE3, 0x63, 0x89, 0x06, 0x92, 0x9C, 0x9C, 0xD4, 0x1D,
                0x58, 0x7C, 0x9C, 0x9C, 0x9C, 0xC3, 0xC7, 0xC1, 0x5F, 0x50, 0x50, 0x50,
                0xD4, 0x15, 0xC0, 0xB8, 0xBC, 0xC9, 0xCA, 0xCB, 0xDD, 0xC8, 0xDD, 0xCA,
                0xD4, 0x11, 0x30, 0xB8, 0xCC, 0x60, 0x63, 0x63, 0xD4, 0x1D, 0x70, 0x2C,
                0x98, 0x9C, 0x9C, 0xAF, 0x47, 0xD0, 0x11, 0xB9, 0x64, 0x92, 0x9C, 0x9C,
                0x23, 0x9C, 0x98, 0x9C, 0x9C, 0xDE, 0x17, 0x90, 0xBF, 0x19, 0x55, 0xE8,
                0xDB, 0x11, 0xDD, 0x63, 0x1F, 0x64, 0x9D, 0xEB, 0xD5, 0x19, 0x55, 0xE8,
                0xA7, 0x1F, 0x75, 0x9D, 0xE8, 0xB1, 0x1F, 0x75, 0x9D, 0xE8, 0x96, 0x1F,
                0x75, 0x9D, 0xE8, 0xAA, 0x1F, 0x75, 0x9D, 0x77, 0xAD, 0xD0, 0x11, 0x99,
                0x28, 0x9A, 0x9C, 0x9C, 0xD2, 0x17, 0xD0, 0xBF, 0x94, 0xD4, 0x11, 0xD1,
                0x2C, 0xD4, 0x17, 0x4B, 0x74, 0xA3, 0x9F, 0x9C, 0x9C, 0xD4, 0x11, 0xD1,
                0x2C, 0x77, 0x92, 0xD0, 0x11, 0x99, 0xCA, 0x9A, 0x9C, 0x9C, 0x77, 0x7C,
                0xD6, 0x17, 0xD0, 0xBF, 0x94, 0x74, 0x76, 0x61, 0x63, 0x63, 0xD4, 0x1F,
                0x5F, 0x8C, 0xD4, 0x1D, 0x67, 0x5C, 0x9C, 0x9C, 0x9C, 0xEE, 0x06, 0xD4,
                0x11, 0x89, 0xFA, 0x9B, 0x9C, 0x9C, 0xD4, 0x11, 0xD0, 0xB8, 0xEC, 0x63,
                0x89, 0xA7, 0x92, 0x9C, 0x9C, 0xD4, 0x11, 0xD8, 0xB8, 0xEC, 0x5B, 0xD8,
                0xB8, 0xB4, 0xBD, 0x9C, 0x9C, 0x9C, 0x93, 0xCB, 0x5C, 0xD4, 0x15, 0xD9,
                0x0C, 0xD0, 0x11, 0xD0, 0xB8, 0xFC, 0x5B, 0xD9, 0x1C, 0xAC, 0x9C, 0x9C,
                0x9C, 0xD0, 0x11, 0xD9, 0x1C, 0xD4, 0x5B, 0xD9, 0x14, 0x9C, 0x9C, 0x9C,
                0x9C, 0x26, 0x9D, 0x9C, 0x8C, 0x9C, 0x5B, 0xD9, 0x04, 0xDC, 0x9E, 0x9C,
                0x9C, 0xD4, 0x11, 0x11, 0x74, 0x9F, 0x9C, 0x9C, 0x5B, 0xD8, 0xB8, 0xBC,
                0x9F, 0x9C, 0x9C, 0x9C, 0x6F, 0x93, 0xE3, 0xD9, 0x3C, 0x63, 0x89, 0x5D,
                0x91, 0x9C, 0x9C, 0x19, 0x5C, 0x93, 0x14, 0x29, 0x9D, 0x9C, 0x9C, 0x17,
                0x99, 0x27, 0x81, 0x9C, 0x9C, 0x19, 0x5C, 0xE9, 0xAE, 0xD4, 0x11, 0x11,
                0x6C, 0x9F, 0x9C, 0x9C, 0x63, 0x89, 0xC6, 0x91, 0x9C, 0x9C, 0x17, 0x19,
                0x68, 0x9F, 0x9C, 0x9C, 0xD4, 0x11, 0x11, 0x7C, 0x9F, 0x9C, 0x9C, 0xAF,
                0x19, 0x6C, 0x9F, 0x9C, 0x9C, 0x15, 0x19, 0x7C, 0x9F, 0x9C, 0x9C, 0x63,
                0x89, 0xFF, 0x91, 0x9C, 0x9C, 0x15, 0x99, 0x19, 0x81, 0x9C, 0x9C, 0xD8,
                0x17, 0x5C, 0x26, 0x9C, 0x8C, 0x9C, 0x9C, 0x25, 0x9C, 0x9D, 0x9C, 0x9C,
                0x63, 0x89, 0xAE, 0x91, 0x9C, 0x9C, 0xD4, 0x17, 0x6C, 0xD4, 0x19, 0x5C,
                0x93, 0x18, 0xD1, 0x9D, 0x9C, 0x9C, 0xD4, 0x17, 0x11, 0x74, 0x9F, 0x9C,
                0x9C, 0xD9, 0xAF, 0x55, 0x5A, 0xD8, 0xB8, 0xCC, 0x9D, 0xD9, 0xAF, 0x5C,
                0xD4, 0x5B, 0xD8, 0xB8, 0xD4, 0x9C, 0x9C, 0x9C, 0x9C, 0xAF, 0x4E, 0x5A,
                0xD8, 0xB8, 0xDC, 0x9D, 0x5B, 0xD8, 0xB8, 0xA4, 0x9D, 0x9C, 0x9C, 0x9C,
                0x5B, 0xD8, 0xB8, 0xAC, 0x9C, 0x8C, 0x9C, 0x9C, 0xD4, 0x15, 0xD8, 0xB8,
                0xB4, 0xD4, 0x11, 0xD8, 0xB8, 0xFC, 0xD4, 0x15, 0xD8, 0xB8, 0xBC, 0x63,
                0x89, 0xBB, 0x91, 0x9C, 0x9C, 0x19, 0x5C, 0x93, 0x14, 0x2B, 0x9C, 0x9C,
                0x9C, 0x93, 0x32, 0x74, 0xD4, 0x17, 0x42, 0xD8, 0x17, 0xD7, 0xA0, 0xD9,
                0x19, 0x55, 0xE8, 0xD2, 0xD4, 0x11, 0xDF, 0xDC, 0xFA, 0x1F, 0xA4, 0xB2,
                0xE8, 0xD8, 0x93, 0x32, 0x74, 0xDD, 0x4D, 0x75, 0xD0, 0x11, 0x99, 0xFD,
                0x9A, 0x9C, 0x9C, 0x26, 0x9C, 0x9E, 0x9C, 0x9C, 0xD4, 0x15, 0xD8, 0xB8,
                0xBC, 0xD4, 0x11, 0xD1, 0x2C, 0x74, 0x56, 0x9D, 0x9C, 0x9C, 0xD5, 0x17,
                0x60, 0xDD, 0x22, 0x90, 0x9C, 0x9C, 0x9C, 0x1F, 0xA3, 0x9E, 0xEA, 0x90,
                0xD4, 0x11, 0xC9, 0x2C, 0xD4, 0x17, 0x53, 0x74, 0x48, 0x9C, 0x9C, 0x9C,
                0xD4, 0x1F, 0x5B, 0x8C, 0xD5, 0x1F, 0x72, 0x9D, 0xE9, 0x79, 0x17, 0x9F,
                0x19, 0x5C, 0xE8, 0x99, 0xD4, 0x9F, 0x44, 0x77, 0x02, 0xD4, 0x17, 0x11,
                0x74, 0x9F, 0x9C, 0x9C, 0xD4, 0x11, 0xD8, 0xB8, 0xFC, 0x5A, 0xD8, 0xB8,
                0xCC, 0x9C, 0xD9, 0xAF, 0x55, 0xD4, 0x5B, 0xD8, 0xB8, 0xD4, 0x9C, 0x9C,
                0x9C, 0x9C, 0xD9, 0xAF, 0x5C, 0x5A, 0xD8, 0xB8, 0xDC, 0x9D, 0xAF, 0x4E,
                0x5B, 0xD8, 0xB8, 0xA4, 0x9D, 0x9C, 0x9C, 0x9C, 0x5B, 0xD8, 0xB8, 0xAC,
                0x9C, 0x8C, 0x9C, 0x9C, 0xD4, 0x15, 0xE8, 0xB8, 0xB4, 0xD4, 0x15, 0xD8,
                0xB8, 0xBC, 0x63, 0x89, 0xEC, 0x90, 0x9C, 0x9C, 0x19, 0x5C, 0x93, 0x15,
                0xD0, 0x63, 0x63, 0x63, 0x17, 0x99, 0xC6, 0x80, 0x9C, 0x9C, 0x19, 0x5C,
                0xE9, 0xAE, 0xD4, 0x11, 0x11, 0x6C, 0x9F, 0x9C, 0x9C, 0x63, 0x89, 0x65,
                0x97, 0x9C, 0x9C, 0x17, 0x19, 0x68, 0x9F, 0x9C, 0x9C, 0xD4, 0x11, 0x11,
                0x7C, 0x9F, 0x9C, 0x9C, 0xAF, 0x19, 0x6C, 0x9F, 0x9C, 0x9C, 0x15, 0x19,
                0x7C, 0x9F, 0x9C, 0x9C, 0x63, 0x89, 0x9E, 0x90, 0x9C, 0x9C, 0x15, 0x99,
                0xB8, 0x80, 0x9C, 0x9C, 0x17, 0x4C, 0xD4, 0x17, 0x52, 0x63, 0x89, 0x7D,
                0x97, 0x9C, 0x9C, 0xD4, 0x17, 0x11, 0x74, 0x9F, 0x9C, 0x9C, 0x63, 0x89,
                0x40, 0x97, 0x9C, 0x9C, 0xD4, 0x17, 0x00, 0xB8, 0x64, 0x98, 0x9C, 0x9C,
                0xAF, 0x5C, 0xD4, 0x1D, 0x58, 0x2C, 0x98, 0x9C, 0x9C, 0xDD, 0xC2, 0xDD,
                0xC0, 0xC3, 0xC2, 0xC1, 0x5F, 0x50, 0x50, 0x50, 0xDC, 0xC9, 0xD4, 0x11,
                0x30, 0xB8, 0x4C, 0x60, 0x63, 0x63, 0xD4, 0x1D, 0x70, 0xAC, 0x98, 0x9C,
                0x9C, 0xD8, 0x17, 0x9D, 0xD9, 0x19, 0x5C, 0x93, 0x18, 0x31, 0x9C, 0x9C,
                0x9C, 0xDD, 0x1F, 0x74, 0x9D, 0x93, 0x18, 0x06, 0x9C, 0x9C, 0x9C, 0xDD,
                0x1F, 0x74, 0x9D, 0xE8, 0xE4, 0xDD, 0x1F, 0x74, 0x9D, 0xE8, 0xF8, 0xDD,
                0x1F, 0x74, 0x9D, 0xE8, 0xCC, 0xDD, 0x1F, 0x74, 0x9D, 0xE8, 0xA0, 0xDD,
                0x1F, 0x64, 0x9D, 0x93, 0x19, 0x16, 0x9C, 0x9C, 0x9C, 0xD4, 0x19, 0x4E,
                0x93, 0x18, 0x1D, 0x9C, 0x9C, 0x9C, 0xD0, 0x11, 0x99, 0x5B, 0x98, 0x9C,
                0x9C, 0xD4, 0x17, 0xDD, 0x94, 0xD0, 0x17, 0x56, 0x26, 0x9C, 0x98, 0x9C,
                0x9C, 0xD4, 0x15, 0xD8, 0xB8, 0xBC, 0xD4, 0x11, 0xD0, 0xB8, 0xAC, 0x74,
                0xF4, 0x9C, 0x9C, 0x9C, 0xD4, 0x11, 0xD0, 0xB8, 0xAC, 0x77, 0xCF, 0xD4,
                0x19, 0x4E, 0xE8, 0xCF, 0xD0, 0x11, 0x99, 0xF5, 0x98, 0x9C, 0x9C, 0x77,
                0x4C, 0xD4, 0x19, 0x4E, 0xE8, 0xD9, 0xD0, 0x11, 0x99, 0xB7, 0x98, 0x9C,
                0x9C, 0x77, 0x5E, 0xD4, 0x19, 0x4E, 0xE8, 0xAB, 0xD0, 0x11, 0x99, 0x41,
                0x9F, 0x9C, 0x9C, 0x77, 0x28, 0xD0, 0x11, 0x99, 0x08, 0x9F, 0x9C, 0x9C,
                0xD0, 0x17, 0xD5, 0x94, 0x26, 0x9C, 0x98, 0x9C, 0x9C, 0xD4, 0x11, 0xD0,
                0xB8, 0xAC, 0x74, 0x81, 0x9C, 0x9C, 0x9C, 0x77, 0x2F, 0xD0, 0x11, 0x99,
                0xA4, 0x9F, 0x9C, 0x9C, 0x77, 0x7E, 0xD4, 0x17, 0xD5, 0x94, 0x74, 0x51,
                0x66, 0x63, 0x63, 0xD4, 0x1D, 0x58, 0xAC, 0x98, 0x9C, 0x9C, 0xC1, 0x5F,
                0xD0, 0x15, 0xD8, 0xB8, 0x84, 0xD0, 0x15, 0xD0, 0xB8, 0xBC, 0xCF, 0xCA,
                0xCB, 0xD4, 0x1F, 0x70, 0xBC, 0xD4, 0x4D, 0x76, 0xD4, 0x17, 0x6D, 0xE8,
                0xA0, 0xD4, 0x1D, 0x66, 0x63, 0x63, 0x63, 0xE3, 0xEB, 0xAF, 0xD4, 0x11,
                0xE6, 0x63, 0xAF, 0x47, 0xD4, 0x17, 0x4B, 0xD0, 0x11, 0xD0, 0xB8, 0xC4,
                0x74, 0x23, 0x9E, 0x9C, 0x9C, 0x19, 0x5C, 0xE4, 0x93, 0xD4, 0x04, 0xD4,
                0xA7, 0x5B, 0xEB, 0x94, 0xE9, 0x93, 0xFA, 0x15, 0x80, 0xE2, 0x77, 0x95,
                0xFA, 0x15, 0x80, 0xE2, 0x27, 0x99, 0x9C, 0x9C, 0x1C, 0x17, 0x5F, 0x77,
                0x93, 0xAF, 0x47, 0x24, 0x91, 0x9C, 0x9C, 0x5C, 0xD4, 0x19, 0x4E, 0xE8,
                0x9F, 0xFA, 0x15, 0x85, 0xD4, 0x1F, 0x58, 0xBC, 0xC3, 0xC2, 0xC7, 0x5F,
                0xD0, 0x17, 0x40, 0xD5, 0x15, 0xD7, 0x94, 0xD5, 0x15, 0xCF, 0x8C, 0xD1,
                0x15, 0xDF, 0x84, 0xD1, 0x15, 0xD7, 0xBC, 0xD4, 0x1F, 0x70, 0xA4, 0xD9,
                0xAF, 0x5C, 0xD5, 0x11, 0xDF, 0x8C, 0xD0, 0x17, 0x55, 0xD5, 0x15, 0xDF,
                0x74, 0xD4, 0x11, 0x91, 0xB0, 0x98, 0x9C, 0x9C, 0xDD, 0x11, 0xCC, 0xD1,
                0x63, 0x89, 0x06, 0x96, 0x9C, 0x9C, 0xD4, 0x1F, 0x58, 0xA4, 0x5F, 0x50,
                0xD4, 0x15, 0xC0, 0xB8, 0xBC, 0xC9, 0xCA, 0xCB, 0xD4, 0x17, 0x70, 0xD4,
                0x1F, 0x70, 0xEC, 0x17, 0x99, 0xCB, 0x86, 0x9C, 0x9C, 0xAF, 0x6A, 0x25,
                0x9C, 0x9C, 0x98, 0x9C, 0x15, 0xD1, 0xBC, 0x19, 0x5C, 0xE9, 0xBA, 0xD4,
                0x11, 0xD1, 0xAC, 0x63, 0x89, 0x73, 0x95, 0x9C, 0x9C, 0x17, 0xD9, 0xA8,
                0xD4, 0x11, 0xD1, 0xB4, 0xAF, 0xD9, 0xAC, 0x15, 0xD9, 0xB4, 0x63, 0x89,
                0x98, 0x96, 0x9C, 0x9C, 0x17, 0xD1, 0xBC, 0x15, 0x99, 0xBF, 0x86, 0x9C,
                0x9C, 0x17, 0x4D, 0xD8, 0x17, 0x5C, 0x25, 0xDC, 0x9C, 0x9C, 0x9C, 0x63,
                0x89, 0x4F, 0x95, 0x9C, 0x9C, 0xD4, 0x17, 0x44, 0xD4, 0x19, 0x5C, 0x93,
                0x18, 0x36, 0x9D, 0x9C, 0x9C, 0xD8, 0x17, 0xD9, 0xBC, 0xD0, 0x11, 0xD1,
                0xBC, 0x23, 0x99, 0x9C, 0x9C, 0x9C, 0xD4, 0x17, 0x4C, 0x17, 0x53, 0x74,
                0x4A, 0x9D, 0x9C, 0x9C, 0xA1, 0x98, 0x9C, 0x9C, 0x5C, 0x93, 0x19, 0x3F,
                0x9C, 0x9C, 0x9C, 0x17, 0x99, 0x43, 0x85, 0x9C, 0x9C, 0x19, 0x5C, 0xE9,
                0xBF, 0xD4, 0x11, 0xD1, 0xAC, 0x63, 0x89, 0x1D, 0x95, 0x9C, 0x9C, 0x17,
                0xD9, 0xA8, 0xD4, 0x11, 0xD1, 0xB4, 0xAF, 0xD9, 0xAC, 0x15, 0xD9, 0xB4,
                0x63, 0x89, 0x0A, 0x95, 0x9C, 0x9C, 0x15, 0x99, 0x24, 0x85, 0x9C, 0x9C,
                0x17, 0x4C, 0xD4, 0x17, 0x57, 0x63, 0x89, 0xE9, 0x95, 0x9C, 0x9C, 0xD8,
                0x17, 0x99, 0x3A, 0x85, 0x9C, 0x9C, 0xD9, 0x19, 0x5C, 0xE9, 0xBA, 0xD4,
                0x11, 0xD1, 0xAC, 0x63, 0x89, 0xDB, 0x95, 0x9C, 0x9C, 0x17, 0xD9, 0xA8,
                0xD4, 0x11, 0xD1, 0xB4, 0xAF, 0xD9, 0xAC, 0x15, 0xD9, 0xB4, 0x63, 0x89,
                0xC0, 0x95, 0x9C, 0x9C, 0xD8, 0x17, 0x5C, 0x15, 0x99, 0xE7, 0x85, 0x9C,
                0x9C, 0x17, 0xC9, 0xBC, 0x25, 0xDC, 0x9C, 0x9C, 0x9C, 0x1D, 0x5E, 0x9C,
                0x9C, 0x9D, 0x9C, 0x63, 0x89, 0xBB, 0x95, 0x9C, 0x9C, 0xD4, 0x17, 0x44,
                0xD4, 0x19, 0x5C, 0x93, 0x18, 0x62, 0x9C, 0x9C, 0x9C, 0xD8, 0x17, 0xD9,
                0xBC, 0xD0, 0x11, 0xD1, 0xBC, 0xDD, 0x1D, 0x5C, 0x9C, 0x9C, 0x9D, 0x9C,
                0xD4, 0x17, 0x4C, 0x17, 0x53, 0x74, 0xB4, 0x9D, 0x9C, 0x9C, 0x93, 0x32,
                0x74, 0x19, 0x5C, 0x93, 0x14, 0x3E, 0x9C, 0x9C, 0x9C, 0xD4, 0x11, 0x89,
                0x6C, 0x9E, 0x9C, 0x9C, 0xD4, 0x11, 0xD1, 0x5C, 0x63, 0x89, 0xDA, 0x95,
                0x9C, 0x9C, 0xD4, 0x17, 0x67, 0xD4, 0xA5, 0xEB, 0xDC, 0xE8, 0xE6, 0xD4,
                0x11, 0xD3, 0xA4, 0xFA, 0xA5, 0xAD, 0xEA, 0xED, 0xDD, 0x2C, 0x9D, 0xD4,
                0x11, 0xC9, 0x5C, 0x63, 0x89, 0xAB, 0x95, 0x9C, 0x9C, 0x18, 0x5C, 0xE8,
                0xFC, 0xD4, 0x17, 0xDB, 0xCC, 0xD0, 0x11, 0xD1, 0x2C, 0x93, 0xCB, 0x5C,
                0xD4, 0x15, 0xD9, 0x2C, 0xD0, 0x11, 0xD9, 0x4C, 0xD4, 0x15, 0xE9, 0xB4,
                0x26, 0x9D, 0x9C, 0x9C, 0x9C, 0x5B, 0xD9, 0x4C, 0xAC, 0x9C, 0x9C, 0x9C,
                0xD4, 0x11, 0xD1, 0xB4, 0xD4, 0x15, 0xE9, 0x44, 0x6F, 0x93, 0xE3, 0xD9,
                0x6C, 0x15, 0xE9, 0x74, 0xD4, 0x15, 0xE9, 0x7C, 0xD4, 0x15, 0xE9, 0x24,
                0x63, 0x89, 0x9E, 0x95, 0x9C, 0x9C, 0x19, 0x5C, 0xE4, 0x87, 0xD4, 0x17,
                0xD1, 0xB4, 0xD4, 0x19, 0x55, 0xE8, 0x8E, 0xAF, 0x4E, 0x63, 0x89, 0x79,
                0x94, 0x9C, 0x9C, 0xD4, 0x17, 0xD1, 0xB4, 0x63, 0x89, 0xEF, 0x94, 0x9C,
                0x9C, 0x17, 0x9B, 0x19, 0x5C, 0xE8, 0x94, 0xD4, 0x9F, 0x64, 0x75, 0xEE,
                0x63, 0x63, 0x63, 0x17, 0x99, 0x13, 0x84, 0x9C, 0x9C, 0x19, 0x5C, 0xE9,
                0xBF, 0xD4, 0x11, 0xD1, 0xAC, 0x63, 0x89, 0xAD, 0x94, 0x9C, 0x9C, 0x17,
                0xD9, 0xA8, 0xD4, 0x11, 0xD1, 0xB4, 0xAF, 0xD9, 0xAC, 0x15, 0xD9, 0xB4,
                0x63, 0x89, 0xDA, 0x94, 0x9C, 0x9C, 0x15, 0x99, 0xF4, 0x84, 0x9C, 0x9C,
                0x17, 0x4C, 0xD4, 0x17, 0x57, 0x63, 0x89, 0xB9, 0x94, 0x9C, 0x9C, 0xD4,
                0x17, 0x00, 0xB8, 0x34, 0x9C, 0x9C, 0x9C, 0xD4, 0x1F, 0x58, 0xEC, 0xC3,
                0xC2, 0xC1, 0x5F, 0x50, 0xD4, 0x1F, 0x70, 0xB4, 0x74, 0x4B, 0x61, 0x63,
                0x63, 0x74, 0x4E, 0x61, 0x63, 0x63, 0x74, 0xE1, 0x65, 0x63, 0x63, 0x74,
                0x54, 0x61, 0x63, 0x63, 0x74, 0x5F, 0x61, 0x63, 0x63, 0xAF, 0x5C, 0xD4,
                0x1F, 0x58, 0xB4, 0x5F, 0x50, 0x50, 0x50, 0x50, 0x50, 0x50, 0x50, 0x50,
                0x63, 0xB9, 0xAE, 0x94, 0x9C, 0x9C, 0x63, 0xB9, 0xC0, 0x94, 0x9C, 0x9C,
                0x50, 0x50, 0x50, 0x50, 0xDE, 0xF0, 0xF3, 0xFF, 0xF7, 0xF9, 0xF8, 0xBC,
                0xB4, 0xDD, 0xDF, 0xD0, 0xB5, 0xA6, 0xBC, 0xB9, 0xEB, 0xEF, 0x96, 0x9C,
                0x50, 0x50, 0x50, 0x50, 0x50, 0x50, 0x50, 0x50, 0x50, 0x50, 0x50, 0x50,
                0xC0, 0x9C, 0xD8, 0x9C, 0xF3, 0x9C, 0xEF, 0x9C, 0xD8, 0x9C, 0xF9, 0x9C,
                0xEA, 0x9C, 0xF5, 0x9C, 0xFF, 0x9C, 0xF9, 0x9C, 0xEF, 0x9C, 0xC0, 0x9C,
                0xDF, 0x9C, 0xA6, 0x9C, 0xC0, 0x9C, 0xCB, 0x9C, 0xF5, 0x9C, 0xF2, 0x9C,
                0xF8, 0x9C, 0xF3, 0x9C, 0xEB, 0x9C, 0xEF, 0x9C, 0xB9, 0x9C, 0xEB, 0x9C,
                0xEF, 0x9C, 0x9C, 0x9C, 0x50, 0x50, 0x50, 0x50, 0x50, 0x50, 0x50, 0x50,
                0x50, 0x50, 0x50, 0x50, 0xC0, 0x9C, 0xD8, 0x9C, 0xF3, 0x9C, 0xEF, 0x9C,
                0xD8, 0x9C, 0xF9, 0x9C, 0xEA, 0x9C, 0xF5, 0x9C, 0xFF, 0x9C, 0xF9, 0x9C,
                0xEF, 0x9C, 0xC0, 0x9C, 0xDF, 0x9C, 0xA6, 0x9C, 0xC0, 0x9C, 0xCC, 0x9C,
                0xEE, 0x9C, 0xF3, 0x9C, 0xFB, 0x9C, 0xEE, 0x9C, 0xFD, 0x9C, 0xF1, 0x9C,
                0xD8, 0x9C, 0xFD, 0x9C, 0xE8, 0x9C, 0xFD, 0x9C, 0xB9, 0x9C, 0xEB, 0x9C,
                0xEF, 0x9C, 0x9C, 0x9C, 0x50, 0x50, 0x50, 0x50, 0xB9, 0x9C, 0xEB, 0x9C,
                0xEF, 0x9C, 0xC0, 0x9C, 0xDD, 0x9C, 0xEC, 0x9C, 0xEC, 0x9C, 0xD8, 0x9C,
                0xFD, 0x9C, 0xE8, 0x9C, 0xFD, 0x9C, 0xC0, 0x9C, 0xD0, 0x9C, 0xF3, 0x9C,
                0xFF, 0x9C, 0xFD, 0x9C, 0xF0, 0x9C, 0xC0, 0x9C, 0xC8, 0x9C, 0xF9, 0x9C,
                0xF1, 0x9C, 0xEC, 0x9C, 0xB9, 0x9C, 0xEB, 0x9C, 0xEF, 0x9C, 0x9C, 0x9C,
                0x50, 0x50, 0x50, 0x50, 0x50, 0x50, 0x50, 0x50, 0x50, 0x50, 0x50, 0x50,
                0xB9, 0x9C, 0xEB, 0x9C, 0xEF, 0x9C, 0xC0, 0x9C, 0xDD, 0x9C, 0xEC, 0x9C,
                0xEC, 0x9C, 0xD8, 0x9C, 0xFD, 0x9C, 0xE8, 0x9C, 0xFD, 0x9C, 0xC0, 0x9C,
                0xD0, 0x9C, 0xF3, 0x9C, 0xFF, 0x9C, 0xFD, 0x9C, 0xF0, 0x9C, 0xB9, 0x9C,
                0xEB, 0x9C, 0xEF, 0x9C, 0x9C, 0x9C, 0x50, 0x50, 0x50, 0x50, 0x50, 0x50,
                0xB9, 0x9C, 0xEB, 0x9C, 0xEF, 0x9C, 0xC0, 0x9C, 0xDD, 0x9C, 0xEC, 0x9C,
                0xEC, 0x9C, 0xD8, 0x9C, 0xFD, 0x9C, 0xE8, 0x9C, 0xFD, 0x9C, 0xC0, 0x9C,
                0xCE, 0x9C, 0xF3, 0x9C, 0xFD, 0x9C, 0xF1, 0x9C, 0xF5, 0x9C, 0xF2, 0x9C,
                0xFB, 0x9C, 0xB9, 0x9C, 0xEB, 0x9C, 0xEF, 0x9C, 0x9C, 0x9C, 0x50, 0x50,
                0xB9, 0x9C, 0xEB, 0x9C, 0xEF, 0x9C, 0xB9, 0x9C, 0xEB, 0x9C, 0xEF, 0x9C,
                0x9C, 0x9C, 0x50, 0x50, 0xC0, 0x9C, 0xD8, 0x9C, 0xF3, 0x9C, 0xEF, 0x9C,
                0xD8, 0x9C, 0xF9, 0x9C, 0xEA, 0x9C, 0xF5, 0x9C, 0xFF, 0x9C, 0xF9, 0x9C,
                0xEF, 0x9C, 0xC0, 0x9C, 0xDF, 0x9C, 0xA6, 0x9C, 0xC0, 0x9C, 0xC9, 0x9C,
                0xEF, 0x9C, 0xF9, 0x9C, 0xEE, 0x9C, 0xEF, 0x9C, 0x9C, 0x9C, 0x50, 0x50,
                0x50, 0x50, 0x50, 0x50, 0xC0, 0x9C, 0xD8, 0x9C, 0xF3, 0x9C, 0xEF, 0x9C,
                0xD8, 0x9C, 0xF9, 0x9C, 0xEA, 0x9C, 0xF5, 0x9C, 0xFF, 0x9C, 0xF9, 0x9C,
                0xEF, 0x9C, 0xC0, 0x9C, 0xDF, 0x9C, 0xA6, 0x9C, 0xC0, 0x9C, 0xC9, 0x9C,
                0xEF, 0x9C, 0xF9, 0x9C, 0xEE, 0x9C, 0xEF, 0x9C, 0xC0, 0x9C, 0xB9, 0x9C,
                0xB2, 0x9C, 0xB6, 0x9C, 0xEB, 0x9C, 0xEF, 0x9C, 0x9C, 0x9C, 0x50, 0x50,
                0x50, 0x50, 0x50, 0x50, 0x50, 0x50, 0x50, 0x50, 0x9C, 0x50, 0x50, 0x50,
                0x50, 0x50, 0x50, 0x50, 0x50, 0x50, 0x50, 0x50, 0x50, 0x50, 0x50, 0x50,
                0xCB, 0x9C, 0xF1, 0x9C, 0xF5, 0x9C, 0xCC, 0x9C, 0xEE, 0x9C, 0xEA, 0x9C,
                0xCF, 0x9C, 0xD9, 0x9C, 0xB2, 0x9C, 0xF9, 0x9C, 0xE4, 0x9C, 0xF9, 0x9C,
                0x9C, 0x9C, 0x9C, 0x9C, 0x9C, 0x9C, 0x9C, 0x9C, 0x9C, 0x9C, 0x9C, 0x9C,
                0x9C, 0x9C, 0x9C, 0x9C, 0x9C, 0x9C, 0x9C, 0x9C, 0x9C, 0x9C, 0x9C, 0x9C,
                0x9C, 0x9C, 0x9C, 0x9C, 0x9C, 0x9C, 0x9C, 0x9C, 0x9C, 0x9C, 0x9C, 0x9C,
                0x9C, 0x9C, 0x9C, 0x9C, 0x9C, 0x9C, 0x9C, 0x9C, 0x9C, 0x9C, 0x9C, 0x9C,
                0x9C, 0x9C, 0x9C, 0x9C, 0x9C, 0x9C, 0x9C, 0x9C, 0x9C, 0x9C, 0x9C, 0x9C,
                0x9C, 0x9C, 0x9C, 0x9C, 0x9C, 0x9C, 0x9C, 0x9C, 0x9C, 0x9C, 0x9C, 0x9C,
                0x9C, 0x9C, 0x9C, 0x9C, 0x9C, 0x9C, 0x9C, 0x9C, 0x9C, 0x9C, 0x9C, 0x9C,
                0x9C, 0x9C, 0x9C, 0x9C, 0x9C, 0x9C, 0x9C, 0x9C, 0x9C, 0x9C, 0x9C, 0x9C,
                0x9C, 0x9C, 0x9C, 0x9C, 0x9C, 0x9C, 0x9C, 0x9C, 0x9C, 0x9C, 0x9C, 0x9C,
                0x9C, 0x9C, 0x9C, 0x9C, 0x9C, 0x9C, 0x9C, 0x9C, 0x9C, 0x9C, 0x9C, 0x9C,
                0x9C, 0x9C, 0x9C, 0x9C, 0x9C, 0x9C, 0x9C, 0x9C, 0x9C, 0x9C, 0x9C, 0x9C,
                0x9C, 0x9C, 0x9C, 0x9C, 0x9C, 0x9C, 0x9C, 0x9C, 0x9C, 0x9C, 0x9C, 0x9C,
                0x9C, 0x9C, 0x9C, 0x9C, 0x9C, 0x9C, 0x9C, 0x9C, 0x9C, 0x9C, 0x9C, 0x9C,
                0x9C, 0x9C, 0x9C, 0x9C, 0x9C, 0x9C, 0x9C, 0x9C, 0x9C, 0x9C, 0x9C, 0x9C,
                0x9C, 0x9C, 0x9C, 0x9C, 0x9C, 0x9C, 0x9C, 0x9C, 0x9C, 0x9C, 0x9C, 0x9C,
                0x9C, 0x9C, 0x9C, 0x9C, 0x9C, 0x9C, 0x9C, 0x9C, 0x9C, 0x9C, 0x9C, 0x9C,
                0x9C, 0x9C, 0x9C, 0x9C, 0x9C, 0x9C, 0x9C, 0x9C, 0x9C, 0x9C, 0x9C, 0x9C,
                0x9C, 0x9C, 0x9C, 0x9C, 0x9C, 0x9C, 0x9C, 0x9C, 0x9C, 0x9C, 0x9C, 0x9C,
                0x9C, 0x9C, 0x9C, 0x9C, 0x9C, 0x9C, 0x9C, 0x9C, 0x9C, 0x9C, 0x9C, 0x9C,
                0x9C, 0x9C, 0x9C, 0x9C, 0x9C, 0x9C, 0x9C, 0x9C, 0x9C, 0x9C, 0x9C, 0x9C,
                0x9C, 0x9C, 0x9C, 0x9C, 0x9C, 0x9C, 0x9C, 0x9C, 0x9C, 0x9C, 0x9C, 0x9C,
                0x9C, 0x9C, 0x9C, 0x9C, 0x9C, 0x9C, 0x9C, 0x9C, 0x9C, 0x9C, 0x9C, 0x9C,
                0x9C, 0x9C, 0x9C, 0x9C, 0x9C, 0x9C, 0x9C, 0x9C, 0x9C, 0x9C, 0x9C, 0x9C,
                0x9C, 0x9C, 0x9C, 0x9C, 0x9C, 0x9C, 0x9C, 0x9C, 0x9C, 0x9C, 0x9C, 0x9C,
                0x9C, 0x9C, 0x9C, 0x9C, 0x9C, 0x9C, 0x9C, 0x9C, 0x9C, 0x9C, 0x9C, 0x9C,
                0x9C, 0x9C, 0x9C, 0x9C, 0x9C, 0x9C, 0x9C, 0x9C, 0x9C, 0x9C, 0x9C, 0x9C,
                0x9C, 0x9C, 0x9C, 0x9C, 0x9C, 0x9C, 0x9C, 0x9C, 0x9C, 0x9C, 0x9C, 0x9C,
                0x9C, 0x9C, 0x9C, 0x9C, 0x9C, 0x9C, 0x9C, 0x9C, 0x9C, 0x9C, 0x9C, 0x9C,
                0x9C, 0x9C, 0x9C, 0x9C, 0x9C, 0x9C, 0x9C, 0x9C, 0x9C, 0x9C, 0x9C, 0x9C,
                0x9C, 0x9C, 0x9C, 0x9C, 0x9C, 0x9C, 0x9C, 0x9C, 0x9C, 0x9C, 0x9C, 0x9C,
                0x9C, 0x9C, 0x9C, 0x9C, 0x9C, 0x9C, 0x9C, 0x9C, 0x9C, 0x9C, 0x9C, 0x9C,
                0x9C, 0x9C, 0x9C, 0x9C, 0x9C, 0x9C, 0x9C, 0x9C, 0x9C, 0x9C, 0x9C, 0x9C,
                0x9C, 0x9C, 0x9C, 0x9C, 0x9C, 0x9C, 0x9C, 0x9C, 0x9C, 0x9C, 0x9C, 0x9C,
                0x9C, 0x9C, 0x9C, 0x9C, 0x9C, 0x9C, 0x9C, 0x9C, 0x9C, 0x9C, 0x9C, 0x9C,
                0x9C, 0x9C, 0x9C, 0x9C, 0x9C, 0x9C, 0x9C, 0x9C, 0x9C, 0x9C, 0x9C, 0x9C,
                0x9C, 0x9C, 0x9C, 0x9C, 0x9C, 0x9C, 0x9C, 0x9C, 0x9C, 0x9C, 0x9C, 0x9C,
                0x9C, 0x9C, 0x9C, 0x9C, 0x9C, 0x9C, 0x9C, 0x9C, 0x9C, 0x9C, 0x9C, 0x9C,
                0x9C, 0x9C, 0x9C, 0x9C, 0x9C, 0x9C, 0x9C, 0x9C, 0x9C, 0x9C, 0x9C, 0x9C,
                0x9C, 0x9C, 0x9C, 0x9C, 0x9C, 0x9C, 0x9C, 0x9C, 0x9C, 0x9C, 0x9C, 0x9C,
                0x9C, 0x9C, 0x9C, 0x9C, 0xFA, 0xCE, 0x9C, 0x9C, 0x9C, 0x9C, 0x9C, 0x9C,
                0x9C, 0x9C, 0x9C, 0x9C, 0x9C, 0x9C, 0x9C, 0x9C, 0x9C, 0xCD, 0x9C, 0x9C,
                0x9C, 0x9C, 0x9C, 0x9C, 0x8E, 0xCD, 0x9C, 0x9C, 0x9C, 0x9C, 0x9C, 0x9C,
                0xBA, 0xCD, 0x9C, 0x9C, 0x9C, 0x9C, 0x9C, 0x9C, 0xAC, 0xCD, 0x9C, 0x9C,
                0x9C, 0x9C, 0x9C, 0x9C, 0xA2, 0xCD, 0x9C, 0x9C, 0x9C, 0x9C, 0x9C, 0x9C,
                0xC0, 0xCD, 0x9C, 0x9C, 0x9C, 0x9C, 0x9C, 0x9C, 0xE0, 0xCD, 0x9C, 0x9C,
                0x9C, 0x9C, 0x9C, 0x9C, 0x10, 0xCD, 0x9C, 0x9C, 0x9C, 0x9C, 0x9C, 0x9C,
                0x06, 0xCD, 0x9C, 0x9C, 0x9C, 0x9C, 0x9C, 0x9C, 0x36, 0xCD, 0x9C, 0x9C,
                0x9C, 0x9C, 0x9C, 0x9C, 0x5E, 0xCD, 0x9C, 0x9C, 0x9C, 0x9C, 0x9C, 0x9C,
                0x44, 0xCD, 0x9C, 0x9C, 0x9C, 0x9C, 0x9C, 0x9C, 0x74, 0xCC, 0x9C, 0x9C,
                0x9C, 0x9C, 0x9C, 0x9C, 0x7A, 0xCD, 0x9C, 0x9C, 0x9C, 0x9C, 0x9C, 0x9C,
                0x62, 0xCD, 0x9C, 0x9C, 0x9C, 0x9C, 0x9C, 0x9C, 0x8A, 0xCE, 0x9C, 0x9C,
                0x9C, 0x9C, 0x9C, 0x9C, 0xB0, 0xCE, 0x9C, 0x9C, 0x9C, 0x9C, 0x9C, 0x9C,
                0xA0, 0xCE, 0x9C, 0x9C, 0x9C, 0x9C, 0x9C, 0x9C, 0x9C, 0x9C, 0x9C, 0x9C,
                0x9C, 0x9C, 0x9C, 0x9C, 0x9C, 0x9C, 0x9C, 0x9C, 0x9C, 0x9C, 0x9C, 0x9C,
                0x99, 0x9C, 0x9C, 0x9C, 0x9C, 0x9C, 0x9C, 0x9C, 0xEC, 0xBD, 0x9C, 0xDC,
                0x9D, 0x9C, 0x9C, 0x9C, 0x99, 0x9C, 0x9C, 0x9C, 0x9C, 0x9C, 0x9C, 0x9C,
                0x3C, 0xBD, 0x9C, 0xDC, 0x9D, 0x9C, 0x9C, 0x9C, 0x9E, 0x9C, 0x9C, 0x9C,
                0x9C, 0x9C, 0x9C, 0x9C, 0x3C, 0xBD, 0x9C, 0xDC, 0x9D, 0x9C, 0x9C, 0x9C,
                0x98, 0x9C, 0x9C, 0x9C, 0x9C, 0x9C, 0x9C, 0x9C, 0x5C, 0xBD, 0x9C, 0xDC,
                0x9D, 0x9C, 0x9C, 0x9C, 0x98, 0x9C, 0x9C, 0x9C, 0x9C, 0x9C, 0x9C, 0x9C,
                0x64, 0xBD, 0x9C, 0xDC, 0x9D, 0x9C, 0x9C, 0x9C, 0x98, 0x9C, 0x9C, 0x9C,
                0x9C, 0x9C, 0x9C, 0x9C, 0xAC, 0xBE, 0x9C, 0xDC, 0x9D, 0x9C, 0x9C, 0x9C,
                0x98, 0x9C, 0x9C, 0x9C, 0x9C, 0x9C, 0x9C, 0x9C, 0x1C, 0xBE, 0x9C, 0xDC,
                0x9D, 0x9C, 0x9C, 0x9C, 0x98, 0x9C, 0x9C, 0x9C, 0x9C, 0x9C, 0x9C, 0x9C,
                0x4C, 0xBE, 0x9C, 0xDC, 0x9D, 0x9C, 0x9C, 0x9C, 0x98, 0x9C, 0x9C, 0x9C,
                0x9C, 0x9C, 0x9C, 0x9C, 0xA4, 0xBF, 0x9C, 0xDC, 0x9D, 0x9C, 0x9C, 0x9C,
                0x9E, 0x9C, 0x9C, 0x9C, 0x9C, 0x9C, 0x9C, 0x9C, 0xF4, 0xBF, 0x9C, 0xDC,
                0x9D, 0x9C, 0x9C, 0x9C, 0x98, 0x9C, 0x9C, 0x9C, 0x9C, 0x9C, 0x9C, 0x9C,
                0x3C, 0xBF, 0x9C, 0xDC, 0x9D, 0x9C, 0x9C, 0x9C, 0x9C, 0x9C, 0x9C, 0x9C,
                0x9C, 0x9C, 0x9C, 0x9C, 0x7C, 0xBF, 0x9C, 0xDC, 0x9D, 0x9C, 0x9C, 0x9C,
                0xC0, 0x9C, 0xD9, 0x9C, 0xFD, 0x9C, 0xEF, 0x9C, 0xE5, 0x9C, 0xDD, 0x9C,
                0xF2, 0x9C, 0xE8, 0x9C, 0xF5, 0x9C, 0xDF, 0x9C, 0xF4, 0x9C, 0xF9, 0x9C,
                0xFD, 0x9C, 0xE8, 0x9C, 0xC0, 0x9C, 0xEC, 0x9C, 0xEE, 0x9C, 0xF3, 0x9C,
                0xF8, 0x9C, 0xB1, 0x9C, 0xFA, 0x9C, 0xF2, 0x9C, 0x9C, 0x9C, 0x9C, 0x9C,
                0xC0, 0x9C, 0xD9, 0x9C, 0xFD, 0x9C, 0xEF, 0x9C, 0xE5, 0x9C, 0xDD, 0x9C,
                0xF2, 0x9C, 0xE8, 0x9C, 0xF5, 0x9C, 0xDF, 0x9C, 0xF4, 0x9C, 0xF9, 0x9C,
                0xFD, 0x9C, 0xE8, 0x9C, 0x9C, 0x9C, 0x9C, 0x9C, 0xC0, 0x9C, 0xDA, 0x9C,
                0xF3, 0x9C, 0xEE, 0x9C, 0xE8, 0x9C, 0xF2, 0x9C, 0xF5, 0x9C, 0xE8, 0x9C,
                0xF9, 0x9C, 0xDB, 0x9C, 0xFD, 0x9C, 0xF1, 0x9C, 0xF9, 0x9C, 0xC0, 0x9C,
                0xCF, 0x9C, 0xFD, 0x9C, 0xEA, 0x9C, 0xF9, 0x9C, 0xF8, 0x9C, 0xC0, 0x9C,
                0xD0, 0x9C, 0xF3, 0x9C, 0xFB, 0x9C, 0xEF, 0x9C, 0x9C, 0x9C, 0x9C, 0x9C,
                0x9C, 0x9C, 0x9C, 0x9C, 0xC0, 0x9C, 0xDA, 0x9C, 0xF3, 0x9C, 0xEE, 0x9C,
                0xE8, 0x9C, 0xF2, 0x9C, 0xF5, 0x9C, 0xE8, 0x9C, 0xF9, 0x9C, 0xDB, 0x9C,
                0xFD, 0x9C, 0xF1, 0x9C, 0xF9, 0x9C, 0xC0, 0x9C, 0xCF, 0x9C, 0xFD, 0x9C,
                0xEA, 0x9C, 0xF9, 0x9C, 0xF8, 0x9C, 0xC0, 0x9C, 0xDF, 0x9C, 0xEE, 0x9C,
                0xFD, 0x9C, 0xEF, 0x9C, 0xF4, 0x9C, 0xF9, 0x9C, 0xEF, 0x9C, 0x9C, 0x9C,
                0xC0, 0x9C, 0xDA, 0x9C, 0xF3, 0x9C, 0xEE, 0x9C, 0xE8, 0x9C, 0xF2, 0x9C,
                0xF5, 0x9C, 0xE8, 0x9C, 0xF9, 0x9C, 0xDB, 0x9C, 0xFD, 0x9C, 0xF1, 0x9C,
                0xF9, 0x9C, 0xC0, 0x9C, 0xCF, 0x9C, 0xFD, 0x9C, 0xEA, 0x9C, 0xF9, 0x9C,
                0xF8, 0x9C, 0xC0, 0x9C, 0xDD, 0x9C, 0xF2, 0x9C, 0xFD, 0x9C, 0xF0, 0x9C,
                0xE5, 0x9C, 0xE8, 0x9C, 0xF5, 0x9C, 0xFF, 0x9C, 0xEF, 0x9C, 0xD8, 0x9C,
                0xFD, 0x9C, 0xE8, 0x9C, 0xFD, 0x9C, 0xB2, 0x9C, 0xF6, 0x9C, 0xEF, 0x9C,
                0xF3, 0x9C, 0xF2, 0x9C, 0x9C, 0x9C, 0x9C, 0x9C, 0xC0, 0x9C, 0xD9, 0x9C,
                0xEC, 0x9C, 0xF5, 0x9C, 0xFF, 0x9C, 0xDB, 0x9C, 0xFD, 0x9C, 0xF1, 0x9C,
                0xF9, 0x9C, 0xEF, 0x9C, 0xD0, 0x9C, 0xFD, 0x9C, 0xE9, 0x9C, 0xF2, 0x9C,
                0xFF, 0x9C, 0xF4, 0x9C, 0xF9, 0x9C, 0xEE, 0x9C, 0xC0, 0x9C, 0xCF, 0x9C,
                0xFD, 0x9C, 0xEA, 0x9C, 0xF9, 0x9C, 0xF8, 0x9C, 0xC0, 0x9C, 0xD0, 0x9C,
                0xF3, 0x9C, 0xFB, 0x9C, 0xEF, 0x9C, 0xC0, 0x9C, 0xFF, 0x9C, 0xF9, 0x9C,
                0xFA, 0x9C, 0xAF, 0x9C, 0xB2, 0x9C, 0xF0, 0x9C, 0xF3, 0x9C, 0xFB, 0x9C,
                0x9C, 0x9C, 0x9C, 0x9C, 0xC0, 0x9C, 0xD9, 0x9C, 0xEC, 0x9C, 0xF5, 0x9C,
                0xFF, 0x9C, 0xDB, 0x9C, 0xFD, 0x9C, 0xF1, 0x9C, 0xF9, 0x9C, 0xEF, 0x9C,
                0xD0, 0x9C, 0xFD, 0x9C, 0xE9, 0x9C, 0xF2, 0x9C, 0xFF, 0x9C, 0xF4, 0x9C,
                0xF9, 0x9C, 0xEE, 0x9C, 0xC0, 0x9C, 0xCF, 0x9C, 0xFD, 0x9C, 0xEA, 0x9C,
                0xF9, 0x9C, 0xF8, 0x9C, 0xC0, 0x9C, 0xDF, 0x9C, 0xF3, 0x9C, 0xF2, 0x9C,
                0xFA, 0x9C, 0xF5, 0x9C, 0xFB, 0x9C, 0xC0, 0x9C, 0xDF, 0x9C, 0xEE, 0x9C,
                0xFD, 0x9C, 0xEF, 0x9C, 0xF4, 0x9C, 0xCE, 0x9C, 0xF9, 0x9C, 0xEC, 0x9C,
                0xF3, 0x9C, 0xEE, 0x9C, 0xE8, 0x9C, 0xDF, 0x9C, 0xF0, 0x9C, 0xF5, 0x9C,
                0xF9, 0x9C, 0xF2, 0x9C, 0xE8, 0x9C, 0x9C, 0x9C, 0x9C, 0x9C, 0x9C, 0x9C,
                0xC0, 0x9C, 0xD9, 0x9C, 0xEC, 0x9C, 0xF5, 0x9C, 0xFF, 0x9C, 0xBC, 0x9C,
                0xD3, 0x9C, 0xF2, 0x9C, 0xF0, 0x9C, 0xF5, 0x9C, 0xF2, 0x9C, 0xF9, 0x9C,
                0xBC, 0x9C, 0xCF, 0x9C, 0xF9, 0x9C, 0xEE, 0x9C, 0xEA, 0x9C, 0xF5, 0x9C,
                0xFF, 0x9C, 0xF9, 0x9C, 0xEF, 0x9C, 0x9C, 0x9C, 0x9C, 0x9C, 0x9C, 0x9C,
                0xC0, 0x9C, 0xD9, 0x9C, 0xEC, 0x9C, 0xF5, 0x9C, 0xFF, 0x9C, 0xC0, 0x9C,
                0xD9, 0x9C, 0xEC, 0x9C, 0xF5, 0x9C, 0xFF, 0x9C, 0xD3, 0x9C, 0xF2, 0x9C,
                0xF0, 0x9C, 0xF5, 0x9C, 0xF2, 0x9C, 0xF9, 0x9C, 0xCF, 0x9C, 0xF9, 0x9C,
                0xEE, 0x9C, 0xEA, 0x9C, 0xF5, 0x9C, 0xFF, 0x9C, 0xF9, 0x9C, 0xEF, 0x9C,
                0x9C, 0x9C, 0x9C, 0x9C, 0x9C, 0x9C, 0x9C, 0x9C, 0xC0, 0x9C, 0xC9, 0x9C,
                0xF2, 0x9C, 0xEE, 0x9C, 0xF9, 0x9C, 0xFD, 0x9C, 0xF0, 0x9C, 0xD9, 0x9C,
                0xF2, 0x9C, 0xFB, 0x9C, 0xF5, 0x9C, 0xF2, 0x9C, 0xF9, 0x9C, 0xC0, 0x9C,
                0xDF, 0x9C, 0xF3, 0x9C, 0xF1, 0x9C, 0xF1, 0x9C, 0xF3, 0x9C, 0xF2, 0x9C,
                0xC0, 0x9C, 0xDD, 0x9C, 0xF2, 0x9C, 0xFD, 0x9C, 0xF0, 0x9C, 0xE5, 0x9C,
                0xE8, 0x9C, 0xF5, 0x9C, 0xFF, 0x9C, 0xEF, 0x9C, 0x9C, 0x9C, 0x9C, 0x9C,
                0xC0, 0x9C, 0xD8, 0x9C, 0xF3, 0x9C, 0xEF, 0x9C, 0xD8, 0x9C, 0xF9, 0x9C,
                0xEA, 0x9C, 0xF5, 0x9C, 0xFF, 0x9C, 0xF9, 0x9C, 0xEF, 0x9C, 0xC0, 0x9C,
                0xDF, 0x9C, 0xA6, 0x9C, 0xC0, 0x9C, 0xC9, 0x9C, 0xEF, 0x9C, 0xF9, 0x9C,
                0xEE, 0x9C, 0xEF, 0x9C, 0xC0, 0x9C, 0xCC, 0x9C, 0xE9, 0x9C, 0xFE, 0x9C,
                0xF0, 0x9C, 0xF5, 0x9C, 0xFF, 0x9C, 0xC0, 0x9C, 0xD0, 0x9C, 0xF5, 0x9C,
                0xFE, 0x9C, 0xEE, 0x9C, 0xFD, 0x9C, 0xEE, 0x9C, 0xF5, 0x9C, 0xF9, 0x9C,
                0xEF, 0x9C, 0xC0, 0x9C, 0xFF, 0x9C, 0xF3, 0x9C, 0xF0, 0x9C, 0xF0, 0x9C,
                0xF9, 0x9C, 0xFF, 0x9C, 0xE8, 0x9C, 0xF5, 0x9C, 0xF3, 0x9C, 0xF2, 0x9C,
                0xB2, 0x9C, 0xF8, 0x9C, 0xFD, 0x9C, 0xE8, 0x9C, 0x9C, 0x9C, 0x9C, 0x9C,
                0xCA, 0xD1, 0xEB, 0xFD, 0xEE, 0xF9, 0x9C, 0x9C, 0xCA, 0xDE, 0xD3, 0xC4,
                0x9C, 0x9C, 0x9C, 0x9C, 0x9C, 0x9C, 0x9C, 0x9C, 0xCA, 0xF5, 0xEE, 0xE8,
                0xE9, 0xFD, 0xF0, 0xDE, 0xF3, 0xE4, 0x9C, 0x9C, 0xCD, 0xD9, 0xD1, 0xC9,
                0x9C, 0x9C, 0x9C, 0x9C, 0x9C, 0x9C, 0x9C, 0x9C, 0xD4, 0xE5, 0xEC, 0xF9,
                0xEE, 0xB1, 0xCA, 0x9C, 0xC4, 0xF9, 0xF2, 0x9C, 0xD7, 0xCA, 0xD1, 0x9C,
                0xCA, 0xF5, 0xEE, 0xE8, 0xE9, 0xFD, 0xF0, 0x9C, 0xCC, 0xFD, 0xEE, 0xFD,
                0xF0, 0xF0, 0xF9, 0xF0, 0xEF, 0x9C, 0x9C, 0x9C, 0x9C, 0x9C, 0x9C, 0x9C,
                0x77, 0x6B, 0x17, 0xF5, 0x9C, 0x9C, 0x9C, 0x9C, 0x9E, 0x9C, 0x9C, 0x9C,
                0xEC, 0x9C, 0x9C, 0x9C, 0x48, 0xB8, 0x9C, 0x9C, 0x48, 0x88, 0x9C, 0x9C,
                0x9C, 0x9C, 0x9C, 0x9C, 0x77, 0x6B, 0x17, 0xF5, 0x9C, 0x9C, 0x9C, 0x9C,
                0x91, 0x9C, 0x9C, 0x9C, 0x68, 0x9C, 0x9C, 0x9C, 0xD8, 0xB9, 0x9C, 0x9C,
                0xD8, 0x89, 0x9C, 0x9C, 0xCE, 0xCF, 0xD8, 0xCF, 0xBF, 0xC2, 0x9F, 0x47,
                0x40, 0x61, 0xC6, 0xD0, 0x3D, 0x17, 0x18, 0xF0, 0xCF, 0x5D, 0x48, 0xCE,
                0x93, 0x9C, 0x9C, 0x9C, 0xDF, 0xA6, 0xC0, 0xC9, 0xEF, 0xF9, 0xEE, 0xEF,
                0xC0, 0xED, 0xE9, 0xF9, 0xF2, 0xE8, 0xC0, 0xD8, 0xF3, 0xFF, 0xE9, 0xF1,
                0xF9, 0xF2, 0xE8, 0xEF, 0xC0, 0xD8, 0xF5, 0xFB, 0xF5, 0xE8, 0xFD, 0xF0,
                0xC0, 0xD8, 0xF5, 0xFB, 0xF5, 0xE8, 0xFD, 0xF0, 0xBC, 0xC8, 0xF9, 0xF1,
                0xEC, 0xBC, 0xD8, 0xEE, 0xF5, 0xEA, 0xF9, 0xEE, 0xC0, 0xD8, 0xF5, 0xFB,
                0xF5, 0xE8, 0xFD, 0xF0, 0xBC, 0xE8, 0xF9, 0xF1, 0xEC, 0xC0, 0xFE, 0xE9,
                0xF5, 0xF0, 0xF8, 0xC0, 0xFE, 0xF5, 0xF2, 0xC0, 0xF8, 0xF5, 0xFB, 0xF5,
                0xE8, 0xFD, 0xF0, 0xB2, 0xEC, 0xF8, 0xFE, 0x9C, 0x9C, 0x9C, 0x9C, 0x9C,
                0x9C, 0x8C, 0x9C, 0x9C, 0xDC, 0x94, 0x9C, 0x9C, 0xB2, 0xE8, 0xF9, 0xE4,
                0xE8, 0xB8, 0xF1, 0xF2, 0x9C, 0x9C, 0x9C, 0x9C, 0xDC, 0x84, 0x9C, 0x9C,
                0x76, 0x9D, 0x9C, 0x9C, 0xB2, 0xE8, 0xF9, 0xE4, 0xE8, 0xB8, 0xEF, 0x9C,
                0x9C, 0xBC, 0x9C, 0x9C, 0x2C, 0x9C, 0x9C, 0x9C, 0xB2, 0xF5, 0xF8, 0xFD,
                0xE8, 0xFD, 0xB8, 0xA9, 0x9C, 0x9C, 0x9C, 0x9C, 0x2C, 0xBC, 0x9C, 0x9C,
                0xB8, 0x98, 0x9C, 0x9C, 0xB2, 0xEE, 0xF8, 0xFD, 0xE8, 0xFD, 0x9C, 0x9C,
                0x48, 0xB8, 0x9C, 0x9C, 0x38, 0x9D, 0x9C, 0x9C, 0xB2, 0xEE, 0xF8, 0xFD,
                0xE8, 0xFD, 0xB8, 0xE6, 0xE6, 0xE6, 0xF8, 0xFE, 0xFB, 0x9C, 0x9C, 0x9C,
                0xE4, 0xBA, 0x9C, 0x9C, 0x1C, 0x9C, 0x9C, 0x9C, 0xB2, 0xE4, 0xF8, 0xFD,
                0xE8, 0xFD, 0x9C, 0x9C, 0x9C, 0xAC, 0x9C, 0x9C, 0xCC, 0x9C, 0x9C, 0x9C,
                0xB2, 0xF8, 0xFD, 0xE8, 0xFD, 0x9C, 0x9C, 0x9C, 0xCC, 0xAC, 0x9C, 0x9C,
                0x90, 0x9C, 0x9C, 0x9C, 0xB2, 0xFE, 0xEF, 0xEF, 0x9C, 0x9C, 0x9C, 0x9C,
                0x9C, 0xDC, 0x9C, 0x9C, 0xC8, 0x9C, 0x9C, 0x9C, 0xB2, 0xEC, 0xF8, 0xFD,
                0xE8, 0xFD, 0x9C, 0x9C, 0x9C, 0xCC, 0x9C, 0x9C, 0xB4, 0x9C, 0x9C, 0x9C,
                0xB2, 0xF5, 0xF8, 0xFD, 0xE8, 0xFD, 0xB8, 0xAE, 0x9C, 0x9C, 0x9C, 0x9C,
                0xB4, 0xCC, 0x9C, 0x9C, 0x84, 0x9C, 0x9C, 0x9C, 0xB2, 0xF5, 0xF8, 0xFD,
                0xE8, 0xFD, 0xB8, 0xAF, 0x9C, 0x9C, 0x9C, 0x9C, 0xDC, 0xCC, 0x9C, 0x9C,
                0x34, 0x9C, 0x9C, 0x9C, 0xB2, 0xF5, 0xF8, 0xFD, 0xE8, 0xFD, 0xB8, 0xA8,
                0x9C, 0x9C, 0x9C, 0x9C, 0x74, 0xCC, 0x9C, 0x9C, 0x3E, 0x9D, 0x9C, 0x9C,
                0xB2, 0xF5, 0xF8, 0xFD, 0xE8, 0xFD, 0xB8, 0xAA, 0x9C, 0x9C, 0x9C, 0x9C,
                0x9C, 0x9C, 0x9C, 0x9C, 0x9C, 0x9C, 0x9C, 0x9C, 0x9C, 0x9C, 0x9C, 0x9C,
                0x9C, 0x9C, 0x9C, 0x9C, 0x9C, 0x9C, 0x9C, 0x9C, 0x9C, 0x9C, 0x9C, 0x9C,
                0x9C, 0x9C, 0x9C, 0x9C, 0x9C, 0x9C, 0x9C, 0x9C, 0x9C, 0x9C, 0x9C, 0x9C,
                0x9C, 0x9C, 0x9C, 0x9C, 0x9C, 0x9C, 0x9C, 0x9C, 0x9C, 0x9C, 0x9C, 0x9C,
                0x9C, 0x9C, 0x9C, 0x9C, 0x9C, 0x9C, 0x9C, 0x9C, 0x9C, 0x9C, 0x9C, 0x9C,
                0x9C, 0x9C, 0x9C, 0x9C, 0x9E, 0x8D, 0x9A, 0x9C, 0x98, 0x8A, 0x9C, 0x9A,
                0x8D, 0xAE, 0x91, 0xEC, 0x90, 0xFC, 0x97, 0xAC, 0x9E, 0x87, 0x97, 0x9C,
                0x94, 0x8A, 0x9C, 0x9A, 0x87, 0xA8, 0x03, 0x9C, 0x87, 0x9D, 0x0A, 0x9C,
                0x90, 0x7C, 0x96, 0x5C, 0x94, 0xEC, 0x9B, 0xFC, 0x9A, 0xCC, 0x9C, 0x9C,
                0x9E, 0x8C, 0x9B, 0x9C, 0x98, 0x8A, 0x9C, 0x9A, 0x8C, 0x9D, 0x80, 0x9C,
                0x98, 0xEC, 0x9F, 0xAC, 0x9E, 0xCC, 0x9C, 0x9C, 0x9E, 0x8D, 0x99, 0x9C,
                0x9E, 0x8A, 0x9C, 0x9A, 0x8D, 0x9D, 0x1A, 0x9C, 0x9E, 0xCC, 0x9C, 0x9C,
                0x9E, 0x8B, 0x9F, 0x9C, 0x9D, 0x8A, 0x9C, 0x9A, 0x8B, 0xFE, 0x9C, 0x9C,
                0x9E, 0x93, 0x94, 0x9C, 0x98, 0x8A, 0x9C, 0x9A, 0x93, 0xA8, 0x89, 0x9C,
                0x93, 0x4E, 0x94, 0xEC, 0x9B, 0xFC, 0x9A, 0xCC, 0x9E, 0x98, 0x9F, 0x9C,
                0x9D, 0x8A, 0x9C, 0x9A, 0x98, 0xDE, 0x9C, 0x9C, 0x9C, 0x9C, 0x9C, 0x9C,
                0x9C, 0x9C, 0x9C, 0x9C, 0x9C, 0x9C, 0x9C, 0x9C, 0x9C, 0x9C, 0x9C, 0x9C,
                0x9C, 0x9C, 0x9C, 0x9C, 0x9C, 0x9C, 0x9C, 0x9C, 0x9C, 0x9C, 0x9C, 0x9C,
                0x9C, 0x9C, 0x9C, 0x9C, 0x9C, 0x9C, 0x9C, 0x9C, 0x9C, 0x9C, 0x9C, 0x9C,
                0x9C, 0x9C, 0x9C, 0x9C, 0x9C, 0x9C, 0x9C, 0x9C, 0x9C, 0x9C, 0x9C, 0x9C,
                0x9C, 0x9C, 0x9C, 0x9C, 0x9C, 0x9C, 0x9C, 0x9C, 0x9C, 0x9C, 0x9C, 0x9C,
                0x9C, 0x9C, 0x9C, 0x9C, 0x9C, 0x9C, 0x9C, 0x9C, 0x9C, 0x9C, 0x9C, 0x9C,
                0x9C, 0x9C, 0x9C, 0x9C, 0x9C, 0x9C, 0x9C, 0x9C, 0x9C, 0x9C, 0x9C, 0x9C,
                0x9C, 0x9C, 0x9C, 0x9C, 0x9C, 0x9C, 0x9C, 0x9C, 0x9C, 0x9C, 0x9C, 0x9C,
                0x9C, 0x9C, 0x9C, 0x9C, 0x9C, 0x9C, 0x9C, 0x9C, 0x9C, 0x9C, 0x9C, 0x9C,
                0x9C, 0x9C, 0x9C, 0x9C, 0x9C, 0x9C, 0x9C, 0x9C, 0x9C, 0x9C, 0x9C, 0x9C,
                0x9C, 0x9C, 0x9C, 0x9C, 0x9C, 0x9C, 0x9C, 0x9C, 0x9C, 0x9C, 0x9C, 0x9C,
                0x9C, 0x9C, 0x9C, 0x9C, 0x9C, 0x9C, 0x9C, 0x9C, 0x9C, 0x9C, 0x9C, 0x9C,
                0x9C, 0x9C, 0x9C, 0x9C, 0x9C, 0x9C, 0x9C, 0x9C, 0x9C, 0x9C, 0x9C, 0x9C,
                0x9C, 0x9C, 0x9C, 0x9C, 0x9C, 0x9C, 0x9C, 0x9C, 0x9C, 0x9C, 0x9C, 0x9C,
                0x9C, 0x9C, 0x9C, 0x9C, 0x9C, 0x9C, 0x9C, 0x9C, 0x9C, 0x9C, 0x9C, 0x9C,
                0x9C, 0x9C, 0x9C, 0x9C, 0x9C, 0x9C, 0x9C, 0x9C, 0x9C, 0x9C, 0x9C, 0x9C,
                0x9C, 0x9C, 0x9C, 0x9C, 0x9C, 0x9C, 0x9C, 0x9C, 0x9C, 0x9C, 0x9C, 0x9C,
                0x9C, 0x9C, 0x9C, 0x9C, 0x9C, 0x9C, 0x9C, 0x9C, 0x9C, 0x9C, 0x9C, 0x9C,
                0x9C, 0x9C, 0x9C, 0x9C, 0x9C, 0x9C, 0x9C, 0x9C, 0x9C, 0x9C, 0x9C, 0x9C,
                0x9C, 0x9C, 0x9C, 0x9C, 0x9C, 0x9C, 0x9C, 0x9C, 0x9C, 0x9C, 0x9C, 0x9C,
                0x9C, 0x9C, 0x9C, 0x9C, 0x9C, 0x9C, 0x9C, 0x9C, 0x9C, 0x9C, 0x9C, 0x9C,
                0x9C, 0x9C, 0x9C, 0x9C, 0x9C, 0x9C, 0x9C, 0x9C, 0x9C, 0x9C, 0x9C, 0x9C,
                0xD0, 0xB8, 0x9C, 0xDC, 0x9D, 0x9C, 0x9C, 0x9C, 0xC8, 0xB8, 0x9C, 0xDC,
                0x9D, 0x9C, 0x9C, 0x9C, 0xFC, 0xB8, 0x9C, 0xDC, 0x9D, 0x9C, 0x9C, 0x9C,
                0xF0, 0xB8, 0x9C, 0xDC, 0x9D, 0x9C, 0x9C, 0x9C, 0xE4, 0xB8, 0x9C, 0xDC,
                0x9D, 0x9C, 0x9C, 0x9C, 0x1C, 0xB8, 0x9C, 0xDC, 0x9D, 0x9C, 0x9C, 0x9C,
                0x18, 0xB8, 0x9C, 0xDC, 0x9D, 0x9C, 0x9C, 0x9C, 0x14, 0xB8, 0x9C, 0xDC,
                0x9D, 0x9C, 0x9C, 0x9C, 0x0C, 0xB8, 0x9C, 0xDC, 0x9D, 0x9C, 0x9C, 0x9C,
                0x9C, 0x9C, 0x9C, 0x9C, 0x9C, 0x9C, 0x9C, 0x9C, 0x9C, 0x9C, 0x9C, 0x9C,
                0x9C, 0x9C, 0x9C, 0x9C, 0x9C, 0x9C, 0x9C, 0x9C, 0x9C, 0x9C, 0x9C, 0x9C,
                0x9C, 0x9C, 0x9C, 0x9C, 0x9C, 0x9C, 0x9C, 0x9C, 0x9C, 0x9C, 0x9C, 0x9C,
                0x9C, 0x9C, 0x9C, 0x9C, 0x9C, 0x9C, 0x9C, 0x9C, 0x9C, 0x9C, 0x9C, 0x9C,
                0x9C, 0x9C, 0x9C, 0x9C, 0x9C, 0x9C, 0x9C, 0x9C, 0x9C, 0x9C, 0x9C, 0x9C,
                0x9C, 0x9C, 0x9C, 0x9C, 0x9C, 0x9C, 0x9C, 0x9C, 0x9C, 0x9C, 0x9C, 0x9C,
                0x9C, 0x9C, 0x9C, 0x9C, 0x9C, 0x9C, 0x9C, 0x9C, 0x9C, 0x9C, 0x9C, 0x9C,
                0x9C, 0x9C, 0x9C, 0x9C, 0x9C, 0x9C, 0x9C, 0x9C, 0x9C, 0x9C, 0x9C, 0x9C,
                0x9C, 0x9C, 0x9C, 0x9C, 0x9C, 0x9C, 0x9C, 0x9C, 0x9C, 0x9C, 0x9C, 0x9C,
                0x9C, 0x9C, 0x9C, 0x9C, 0x9C, 0x9C, 0x9C, 0x9C, 0x9C, 0x9C, 0x9C, 0x9C,
                0x9C, 0x9C, 0x9C, 0x9C, 0x9C, 0x9C, 0x9C, 0x9C, 0x9C, 0x9C, 0x9C, 0x9C,
                0x9C, 0x9C, 0x9C, 0x9C, 0x9C, 0x9C, 0x9C, 0x9C, 0x9C, 0x9C, 0x9C, 0x9C,
                0x9C, 0x9C, 0x9C, 0x9C, 0x9C, 0x9C, 0x9C, 0x9C, 0x9C, 0x9C, 0x9C, 0x9C,
                0x9C, 0x9C, 0x9C, 0x9C, 0x9C, 0x9C, 0x9C, 0x9C, 0x9C, 0x9C, 0x9C, 0x9C,
                0x9C, 0x9C, 0x9C, 0x9C, 0x9C, 0x9C, 0x9C, 0x9C, 0x9C, 0x9C, 0x9C, 0x9C,
                0x9C, 0x9C, 0x9C, 0x9C, 0x9C, 0x9C, 0x9C, 0x9C, 0x9C, 0x9C, 0x9C, 0x9C,
                0x9C, 0x9C, 0x9C, 0x9C, 0x9C, 0x9C, 0x9C, 0x9C, 0x9C, 0x9C, 0x9C, 0x9C,
                0x9C, 0x9C, 0x9C, 0x9C, 0x9C, 0x9C, 0x9C, 0x9C, 0x9C, 0x9C, 0x9C, 0x9C,
                0x9C, 0x9C, 0x9C, 0x9C, 0x9C, 0x9C, 0x9C, 0x9C, 0x9C, 0x9C, 0x9C, 0x9C,
                0x9C, 0x9C, 0x9C, 0x9C, 0x9C, 0x9C, 0x9C, 0x9C, 0x9C, 0x9C, 0x9C, 0x9C,
                0x9C, 0x9C, 0x9C, 0x9C, 0x9C, 0x9C, 0x9C, 0x9C, 0x9C, 0x9C, 0x9C, 0x9C,
                0x9C, 0x9C, 0x9C, 0x9C, 0x9C, 0x9C, 0x9C, 0x9C, 0x9C, 0x9C, 0x9C, 0x9C,
                0x9C, 0x9C, 0x9C, 0x9C, 0x9C, 0x9C, 0x9C, 0x9C, 0x9C, 0x9C, 0x9C, 0x9C,
                0x9C, 0x9C, 0x9C, 0x9C, 0x9C, 0x9C, 0x9C, 0x9C, 0x9C, 0x9C, 0x9C, 0x9C,
                0x9C, 0x9C, 0x9C, 0x9C, 0x9C, 0x9C, 0x9C, 0x9C, 0x9C, 0x9C, 0x9C, 0x9C,
                0x9C, 0x9C, 0x9C, 0x9C, 0x9C, 0x9C, 0x9C, 0x9C, 0x9C, 0x9C, 0x9C, 0x9C,
                0x9C, 0x9C, 0x9C, 0x9C, 0x9C, 0x9C, 0x9C, 0x9C, 0x9C, 0x9C, 0x9C, 0x9C,
                0x9C, 0x9C, 0x9C, 0x9C, 0x9C, 0x9C, 0x9C, 0x9C, 0x9C, 0x9C, 0x9C, 0x9C,
                0x9C, 0x9C, 0x9C, 0x9C, 0x9C, 0x9C, 0x9C, 0x9C, 0x9C, 0x9C, 0x9C, 0x9C,
                0x9C, 0x9C, 0x9C, 0x9C, 0x9C, 0x9C, 0x9C, 0x9C, 0x9C, 0x9C, 0x9C, 0x9C,
                0x9C, 0x9C, 0x9C, 0x9C, 0x9C, 0x9C, 0x9C, 0x9C, 0x9C, 0x9C, 0x9C, 0x9C,
                0x9C, 0x9C, 0x9C, 0x9C, 0x9C, 0x9C, 0x9C, 0x9C, 0x9C, 0x9C, 0x9C, 0x9C,
                0x9C, 0x9C, 0x9C, 0x9C, 0x9C, 0x9C, 0x9C, 0x9C, 0x9C, 0x9C, 0x9C, 0x9C,
                0x9C, 0x9C, 0x9C, 0x9C, 0x9C, 0x9C, 0x9C, 0x9C, 0x9C, 0x9C, 0x9C, 0x9C,
                0x9C, 0x9C, 0x9C, 0x9C, 0x9C, 0x9C, 0x9C, 0x9C, 0x9C, 0x9C, 0x9C, 0x9C,
                0x9C, 0x9C, 0x9C, 0x9C, 0x9C, 0x9C, 0x9C, 0x9C, 0x9C, 0x9C, 0x9C, 0x9C,
                0x9C, 0x9C, 0x9C, 0x9C, 0x9C, 0x9C, 0x9C, 0x9C, 0x9C, 0x8C, 0x9C, 0x9C,
                0x0D, 0x8D, 0x9C, 0x9C, 0x38, 0xBA, 0x9C, 0x9C, 0x08, 0x8D, 0x9C, 0x9C,
                0xC1, 0x88, 0x9C, 0x9C, 0x14, 0xBA, 0x9C, 0x9C, 0xFC, 0x88, 0x9C, 0x9C,
                0xA0, 0x89, 0x9C, 0x9C, 0x24, 0xBA, 0x9C, 0x9C, 0xA0, 0x89, 0x9C, 0x9C,
                0x34, 0x89, 0x9C, 0x9C, 0xE4, 0xBA, 0x9C, 0x9C, 0x34, 0x89, 0x9C, 0x9C,
                0x7F, 0x89, 0x9C, 0x9C, 0x54, 0xBA, 0x9C, 0x9C, 0x78, 0x89, 0x9C, 0x9C,
                0x9F, 0x84, 0x9C, 0x9C, 0x48, 0xBA, 0x9C, 0x9C, 0x98, 0x84, 0x9C, 0x9C,
                0xB4, 0x84, 0x9C, 0x9C, 0x74, 0xBA, 0x9C, 0x9C, 0x9C, 0x9C, 0x9C, 0x9C,
                0x9C, 0x9C, 0x9C, 0x9C, 0x9C, 0x9C, 0x9C, 0x9C, 0x9C, 0x9C, 0x9C, 0x9C,
                0x9C, 0x9C, 0x9C, 0x9C, 0x9C, 0x9C, 0x9C, 0x9C, 0x9C, 0x9C, 0x9C, 0x9C,
                0x9C, 0x9C, 0x9C, 0x9C, 0x9C, 0x9C, 0x9C, 0x9C, 0x9C, 0x9C, 0x9C, 0x9C,
                0x9C, 0x9C, 0x9C, 0x9C, 0x9C, 0x9C, 0x9C, 0x9C, 0x9C, 0x9C, 0x9C, 0x9C,
                0x9C, 0x9C, 0x9C, 0x9C, 0x9C, 0x9C, 0x9C, 0x9C, 0x9C, 0x9C, 0x9C, 0x9C,
                0x9C, 0x9C, 0x9C, 0x9C, 0x9C, 0x9C, 0x9C, 0x9C, 0x9C, 0x9C, 0x9C, 0x9C,
                0x9C, 0x9C, 0x9C, 0x9C, 0x9C, 0x9C, 0x9C, 0x9C, 0x9C, 0x9C, 0x9C, 0x9C,
                0x9C, 0x9C, 0x9C, 0x9C, 0x9C, 0x9C, 0x9C, 0x9C, 0x9C, 0x9C, 0x9C, 0x9C,
                0x9C, 0x9C, 0x9C, 0x9C, 0x9C, 0x9C, 0x9C, 0x9C, 0x9C, 0x9C, 0x9C, 0x9C,
                0x9C, 0x9C, 0x9C, 0x9C, 0x9C, 0x9C, 0x9C, 0x9C, 0x9C, 0x9C, 0x9C, 0x9C,
                0x9C, 0x9C, 0x9C, 0x9C, 0x9C, 0x9C, 0x9C, 0x9C, 0x9C, 0x9C, 0x9C, 0x9C,
                0x9C, 0x9C, 0x9C, 0x9C, 0x9C, 0x9C, 0x9C, 0x9C, 0x9C, 0x9C, 0x9C, 0x9C,
                0x9C, 0x9C, 0x9C, 0x9C, 0x9C, 0x9C, 0x9C, 0x9C, 0x9C, 0x9C, 0x9C, 0x9C,
                0x9C, 0x9C, 0x9C, 0x9C, 0x9C, 0x9C, 0x9C, 0x9C, 0x9C, 0x9C, 0x9C, 0x9C,
                0x9C, 0x9C, 0x9C, 0x9C, 0x9C, 0x9C, 0x9C, 0x9C, 0x9C, 0x9C, 0x9C, 0x9C,
                0x9C, 0x9C, 0x9C, 0x9C, 0x9C, 0x9C, 0x9C, 0x9C, 0x9C, 0x9C, 0x9C, 0x9C,
                0x9C, 0x9C, 0x9C, 0x9C, 0x9C, 0x9C, 0x9C, 0x9C, 0x9C, 0x9C, 0x9C, 0x9C,
                0x9C, 0x9C, 0x9C, 0x9C, 0x9C, 0x9C, 0x9C, 0x9C, 0x9C, 0x9C, 0x9C, 0x9C,
                0x9C, 0x9C, 0x9C, 0x9C, 0x9C, 0x9C, 0x9C, 0x9C, 0x9C, 0x9C, 0x9C, 0x9C,
                0x9C, 0x9C, 0x9C, 0x9C, 0x9C, 0x9C, 0x9C, 0x9C, 0x9C, 0x9C, 0x9C, 0x9C,
                0x9C, 0x9C, 0x9C, 0x9C, 0x9C, 0x9C, 0x9C, 0x9C, 0x9C, 0x9C, 0x9C, 0x9C,
                0x9C, 0x9C, 0x9C, 0x9C, 0x9C, 0x9C, 0x9C, 0x9C, 0x9C, 0x9C, 0x9C, 0x9C,
                0x9C, 0x9C, 0x9C, 0x9C, 0x9C, 0x9C, 0x9C, 0x9C, 0x9C, 0x9C, 0x9C, 0x9C,
                0x9C, 0x9C, 0x9C, 0x9C, 0x9C, 0x9C, 0x9C, 0x9C, 0x9C, 0x9C, 0x9C, 0x9C,
                0x9C, 0x9C, 0x9C, 0x9C, 0x9C, 0x9C, 0x9C, 0x9C, 0x9C, 0x9C, 0x9C, 0x9C,
                0x9C, 0x9C, 0x9C, 0x9C, 0x9C, 0x9C, 0x9C, 0x9C, 0x9C, 0x9C, 0x9C, 0x9C,
                0x9C, 0x9C, 0x9C, 0x9C, 0x9C, 0x9C, 0x9C, 0x9C, 0x9C, 0x9C, 0x9C, 0x9C,
                0x9C, 0x9C, 0x9C, 0x9C, 0x9C, 0x9C, 0x9C, 0x9C, 0x9C, 0x9C, 0x9C, 0x9C,
                0x9C, 0x9C, 0x9C, 0x9C, 0x9C, 0x9C, 0x9C, 0x9C, 0x9C, 0x9C, 0x9C, 0x9C,
                0x9C, 0x9C, 0x9C, 0x9C, 0x9C, 0x9C, 0x9C, 0x9C, 0x9C, 0x9C, 0x9C, 0x9C,
                0x9C, 0x9C, 0x9C, 0x9C, 0x9C, 0x9C, 0x9C, 0x9C, 0x9C, 0x9C, 0x9C, 0x9C,
                0x9C, 0x9C, 0x9C, 0x9C, 0x9C, 0x9C, 0x9C, 0x9C, 0x9C, 0x9C, 0x9C, 0x9C,
                0x9C, 0x9C, 0x9C, 0x9C, 0x9C, 0x9C, 0x9C, 0x9C, 0x9C, 0x9C, 0x9C, 0x9C,
                0x9C, 0x9C, 0x9C, 0x9C, 0x9C, 0x9C, 0x9C, 0x9C, 0x9C, 0x9C, 0x9C, 0x9C,
                0x9C, 0x9C, 0x9C, 0x9C, 0x9C, 0x9C, 0x9C, 0x9C, 0x9C, 0x9C, 0x9C, 0x9C,
                0x9C, 0x9C, 0x9C, 0x9C, 0xCC, 0xCC, 0x9C, 0x9C, 0x9C, 0x9C, 0x9C, 0x9C,
                0x9C, 0x9C, 0x9C, 0x9C, 0xC4, 0xCE, 0x9C, 0x9C, 0x8C, 0xBC, 0x9C, 0x9C,
                0xDC, 0xCC, 0x9C, 0x9C, 0x9C, 0x9C, 0x9C, 0x9C, 0x9C, 0x9C, 0x9C, 0x9C,
                0x1E, 0xCE, 0x9C, 0x9C, 0x9C, 0xBC, 0x9C, 0x9C, 0x9C, 0x9C, 0x9C, 0x9C,
                0x9C, 0x9C, 0x9C, 0x9C, 0x9C, 0x9C, 0x9C, 0x9C, 0x9C, 0x9C, 0x9C, 0x9C,
                0x9C, 0x9C, 0x9C, 0x9C, 0x9C, 0x9C, 0x9C, 0x9C, 0xFA, 0xCE, 0x9C, 0x9C,
                0x9C, 0x9C, 0x9C, 0x9C, 0x9C, 0x9C, 0x9C, 0x9C, 0x9C, 0x9C, 0x9C, 0x9C,
                0x9C, 0xCD, 0x9C, 0x9C, 0x9C, 0x9C, 0x9C, 0x9C, 0x8E, 0xCD, 0x9C, 0x9C,
                0x9C, 0x9C, 0x9C, 0x9C, 0xBA, 0xCD, 0x9C, 0x9C, 0x9C, 0x9C, 0x9C, 0x9C,
                0xAC, 0xCD, 0x9C, 0x9C, 0x9C, 0x9C, 0x9C, 0x9C, 0xA2, 0xCD, 0x9C, 0x9C,
                0x9C, 0x9C, 0x9C, 0x9C, 0xC0, 0xCD, 0x9C, 0x9C, 0x9C, 0x9C, 0x9C, 0x9C,
                0xE0, 0xCD, 0x9C, 0x9C, 0x9C, 0x9C, 0x9C, 0x9C, 0x10, 0xCD, 0x9C, 0x9C,
                0x9C, 0x9C, 0x9C, 0x9C, 0x06, 0xCD, 0x9C, 0x9C, 0x9C, 0x9C, 0x9C, 0x9C,
                0x36, 0xCD, 0x9C, 0x9C, 0x9C, 0x9C, 0x9C, 0x9C, 0x5E, 0xCD, 0x9C, 0x9C,
                0x9C, 0x9C, 0x9C, 0x9C, 0x44, 0xCD, 0x9C, 0x9C, 0x9C, 0x9C, 0x9C, 0x9C,
                0x74, 0xCC, 0x9C, 0x9C, 0x9C, 0x9C, 0x9C, 0x9C, 0x7A, 0xCD, 0x9C, 0x9C,
                0x9C, 0x9C, 0x9C, 0x9C, 0x62, 0xCD, 0x9C, 0x9C, 0x9C, 0x9C, 0x9C, 0x9C,
                0x8A, 0xCE, 0x9C, 0x9C, 0x9C, 0x9C, 0x9C, 0x9C, 0xB0, 0xCE, 0x9C, 0x9C,
                0x9C, 0x9C, 0x9C, 0x9C, 0xA0, 0xCE, 0x9C, 0x9C, 0x9C, 0x9C, 0x9C, 0x9C,
                0x9C, 0x9C, 0x9C, 0x9C, 0x9C, 0x9C, 0x9C, 0x9C, 0xA6, 0x95, 0xCE, 0xE8,
                0xF0, 0xD5, 0xF2, 0xF5, 0xE8, 0xC9, 0xF2, 0xF5, 0xFF, 0xF3, 0xF8, 0xF9,
                0xCF, 0xE8, 0xEE, 0xF5, 0xF2, 0xFB, 0x9C, 0x9C, 0x57, 0x9C, 0xD9, 0xE4,
                0xDD, 0xF0, 0xF0, 0xF3, 0xFF, 0xFD, 0xE8, 0xF9, 0xCC, 0xF3, 0xF3, 0xF0,
                0xAE, 0x9C, 0x60, 0x9C, 0xD9, 0xE4, 0xDA, 0xEE, 0xF9, 0xF9, 0xCC, 0xF3,
                0xF3, 0xF0, 0xCB, 0xF5, 0xE8, 0xF4, 0xC8, 0xFD, 0xFB, 0x9C, 0xF6, 0x97,
                0xC6, 0xEB, 0xDF, 0xF0, 0xF3, 0xEF, 0xF9, 0x9C, 0x44, 0x95, 0xCE, 0xE8,
                0xF0, 0xCE, 0xFD, 0xF2, 0xF8, 0xF3, 0xF1, 0xD9, 0xE4, 0x9C, 0x07, 0x94,
                0xCE, 0xE8, 0xF0, 0xDF, 0xEE, 0xF9, 0xFD, 0xE8, 0xF9, 0xCF, 0xF9, 0xFF,
                0xE9, 0xEE, 0xF5, 0xE8, 0xE5, 0xD8, 0xF9, 0xEF, 0xFF, 0xEE, 0xF5, 0xEC,
                0xE8, 0xF3, 0xEE, 0x9C, 0x66, 0x95, 0xCE, 0xE8, 0xF0, 0xCF, 0xF9, 0xE8,
                0xD8, 0xFD, 0xFF, 0xF0, 0xCF, 0xF9, 0xFF, 0xE9, 0xEE, 0xF5, 0xE8, 0xE5,
                0xD8, 0xF9, 0xEF, 0xFF, 0xEE, 0xF5, 0xEC, 0xE8, 0xF3, 0xEE, 0x9C, 0x9C,
                0xEB, 0x97, 0xC6, 0xEB, 0xDF, 0xEE, 0xF9, 0xFD, 0xE8, 0xF9, 0xDA, 0xF5,
                0xF0, 0xF9, 0x9C, 0x9C, 0x21, 0x97, 0xC6, 0xEB, 0xD3, 0xEC, 0xF9, 0xF2,
                0xDA, 0xF5, 0xF0, 0xF9, 0x9C, 0x9C, 0x08, 0x94, 0xCE, 0xE8, 0xF0, 0xDF,
                0xEE, 0xF9, 0xFD, 0xE8, 0xF9, 0xDD, 0xFF, 0xF0, 0x9C, 0x9C, 0x43, 0x97,
                0xC6, 0xEB, 0xCD, 0xE9, 0xF9, 0xEE, 0xE5, 0xD8, 0xF5, 0xEE, 0xF9, 0xFF,
                0xE8, 0xF3, 0xEE, 0xE5, 0xDA, 0xF5, 0xF0, 0xF9, 0x9C, 0x9C, 0xAF, 0x90,
                0xC6, 0xEB, 0xCF, 0xF9, 0xE8, 0xCF, 0xF9, 0xFF, 0xE9, 0xEE, 0xF5, 0xE8,
                0xE5, 0xD3, 0xFE, 0xF6, 0xF9, 0xFF, 0xE8, 0x9C, 0x33, 0x90, 0xC3, 0xEA,
                0xEF, 0xF2, 0xEB, 0xEC, 0xEE, 0xF5, 0xF2, 0xE8, 0xFA, 0x9C, 0x65, 0x90,
                0xEA, 0xD8, 0xFE, 0xFB, 0xCC, 0xEE, 0xF5, 0xF2, 0xE8, 0xD9, 0xE4, 0xCB,
                0xF5, 0xE8, 0xF4, 0xCC, 0xEE, 0xF9, 0xFA, 0xF5, 0xE4, 0x9C, 0x54, 0x94,
                0xCE, 0xE8, 0xF0, 0xD9, 0xED, 0xE9, 0xFD, 0xF0, 0xC9, 0xF2, 0xF5, 0xFF,
                0xF3, 0xF8, 0xF9, 0xCF, 0xE8, 0xEE, 0xF5, 0xF2, 0xFB, 0x9C, 0xDD, 0x90,
                0xC6, 0xEB, 0xC8, 0xF9, 0xEE, 0xF1, 0xF5, 0xF2, 0xFD, 0xE8, 0xF9, 0xCC,
                0xEE, 0xF3, 0xFF, 0xF9, 0xEF, 0xEF, 0x9C, 0x9C, 0x58, 0x97, 0xC6, 0xEB,
                0xD3, 0xEC, 0xF9, 0xF2, 0xCC, 0xEE, 0xF3, 0xFF, 0xF9, 0xEF, 0xEF, 0x9C,
                0x60, 0x97, 0xC6, 0xEB, 0xCD, 0xE9, 0xF9, 0xEE, 0xE5, 0xCF, 0xE5, 0xEF,
                0xE8, 0xF9, 0xF1, 0xD5, 0xF2, 0xFA, 0xF3, 0xEE, 0xF1, 0xFD, 0xE8, 0xF5,
                0xF3, 0xF2, 0x9C, 0x9C, 0xF2, 0xE8, 0xF3, 0xEF, 0xF7, 0xEE, 0xF2, 0xF0,
                0xB2, 0xF9, 0xE4, 0xF9, 0x9C, 0x9C, 0xC8, 0x9C, 0xD7, 0xF9, 0xCD, 0xE9,
                0xF9, 0xEE, 0xE5, 0xCC, 0xF9, 0xEE, 0xFA, 0xF3, 0xEE, 0xF1, 0xFD, 0xF2,
                0xFF, 0xF9, 0xDF, 0xF3, 0xE9, 0xF2, 0xE8, 0xF9, 0xEE, 0x9C, 0xD4, 0xDD,
                0xD0, 0xB2, 0xF8, 0xF0, 0xF0, 0x9C, 0x9C, 0x9C, 0x9C, 0x9C, 0x9C, 0x9C,
                0x9C, 0x9C, 0x9C, 0x9C, 0x9C, 0x9C, 0x9C, 0x9C, 0x9C, 0x9C, 0x9C, 0x9C,
                0x9C, 0x9C, 0x9C, 0x9C, 0x9C, 0x9C, 0x9C, 0x9C, 0x9C, 0x9C, 0x9C, 0x9C,
                0x9C, 0x9C, 0x9C, 0x9C, 0x9C, 0x9C, 0x9C, 0x9C, 0x9C, 0x9C, 0x9C, 0x9C,
                0x9C, 0x9C, 0x9C, 0x9C, 0x9C, 0x9C, 0x9C, 0x9C, 0x9C, 0x9C, 0x9C, 0x9C,
                0x9C, 0x9C, 0x9C, 0x9C, 0x9C, 0x9C, 0x9C, 0x9C, 0x9C, 0x9C, 0x9C, 0x9C,
                0x9C, 0x9C, 0x9C, 0x9C, 0x9C, 0x9C, 0x9C, 0x9C, 0x9C, 0x9C, 0x9C, 0x9C,
                0x9C, 0x9C, 0x9C, 0x9C, 0x9C, 0x9C, 0x9C, 0x9C, 0x9C, 0x9C, 0x9C, 0x9C,
                0x9C, 0x9C, 0x9C, 0x9C, 0x9C, 0x9C, 0x9C, 0x9C, 0x9C, 0x9C, 0x9C, 0x9C,
                0x9C, 0x9C, 0x9C, 0x9C, 0x9C, 0x9C, 0x9C, 0x9C, 0x9C, 0x9C, 0x9C, 0x9C,
                0x9C, 0x9C, 0x9C, 0x9C, 0x9C, 0x9C, 0x9C, 0x9C, 0x9C, 0x9C, 0x9C, 0x9C,
                0x9C, 0x9C, 0x9C, 0x9C, 0x9C, 0x9C, 0x9C, 0x9C, 0x9C, 0x9C, 0x9C, 0x9C,
                0x9C, 0x9C, 0x9C, 0x9C, 0x9C, 0x9C, 0x9C, 0x9C, 0x9C, 0x9C, 0x9C, 0x9C,
                0x9C, 0x9C, 0x9C, 0x9C, 0x9C, 0x9C, 0x9C, 0x9C, 0x9C, 0x9C, 0x9C, 0x9C,
                0x9C, 0x9C, 0x9C, 0x9C, 0x9C, 0x9C, 0x9C, 0x9C, 0x9C, 0x9C, 0x9C, 0x9C,
                0x9C, 0x9C, 0x9C, 0x9C, 0x9C, 0x9C, 0x9C, 0x9C, 0x9C, 0x9C, 0x9C, 0x9C,
                0x9C, 0x9C, 0x9C, 0x9C, 0x9C, 0x9C, 0x9C, 0x9C, 0x9C, 0x9C, 0x9C, 0x9C,
                0x9C, 0x9C, 0x9C, 0x9C, 0x9C, 0x9C, 0x9C, 0x9C, 0x9C, 0x9C, 0x9C, 0x9C,
                0x9C, 0x9C, 0x9C, 0x9C, 0x9C, 0x9C, 0x9C, 0x9C, 0x9C, 0x9C, 0x9C, 0x9C,
                0x9C, 0x9C, 0x9C, 0x9C, 0x9C, 0x9C, 0x9C, 0x9C, 0x9C, 0x9C, 0x9C, 0x9C,
                0x9C, 0x9C, 0x9C, 0x9C, 0x9C, 0x9C, 0x9C, 0x9C, 0x9C, 0x9C, 0x9C, 0x9C,
                0x9C, 0x9C, 0x9C, 0x9C, 0x9C, 0x9C, 0x9C, 0x9C, 0x9C, 0x9C, 0x9C, 0x9C,
                0x9C, 0x9C, 0x9C, 0x9C, 0x9C, 0x9C, 0x9C, 0x9C, 0x9C, 0x9C, 0x9C, 0x9C,
                0x9C, 0x9C, 0x9C, 0x9C, 0x9C, 0x9C, 0x9C, 0x9C, 0x9C, 0x9C, 0x9C, 0x9C,
                0x9C, 0x9C, 0x9C, 0x9C, 0x9C, 0x9C, 0x9C, 0x9C, 0x9C, 0x9C, 0x9C, 0x9C,
                0x9C, 0x9C, 0x9C, 0x9C, 0x9C, 0x9C, 0x9C, 0x9C, 0x9C, 0x9C, 0x9C, 0x9C,
                0x9C, 0x9C, 0x9C, 0x9C, 0x9C, 0x9C, 0x9C, 0x9C, 0x9C, 0x9C, 0x9C, 0x9C,
                0x9C, 0x9C, 0x9C, 0x9C, 0x9C, 0x9C, 0x9C, 0x9C, 0x9C, 0x9C, 0x9C, 0x9C,
                0x9C, 0x9C, 0x9C, 0x9C, 0x9C, 0x9C, 0x9C, 0x9C, 0x9C, 0x9C, 0x9C, 0x9C,
                0x9C, 0x9C, 0x9C, 0x9C, 0x9C, 0x9C, 0x9C, 0x9C, 0x9C, 0x9C, 0x9C, 0x9C,
                0x9C, 0x9C, 0x9C, 0x9C, 0x9C, 0x9C, 0x9C, 0x9C, 0x9C, 0x9C, 0x9C, 0x9C,
                0x9C, 0x9C, 0x9C, 0x9C, 0x9C, 0x9C, 0x9C, 0x9C, 0x9C, 0xBC, 0x9C, 0x9C,
                0xBC, 0x9C, 0x9C, 0x9C, 0x24, 0x3C, 0x54, 0x3C, 0x44, 0x3C, 0x74, 0x3C,
                0x64, 0x3C, 0x94, 0x3D, 0x84, 0x3D, 0xB4, 0x3D, 0xA4, 0x3D, 0xD4, 0x3D,
                0xC4, 0x3D, 0xF4, 0x3D, 0x9C, 0xAC, 0x9C, 0x9C, 0x80, 0x9C, 0x9C, 0x9C,
                0x9C, 0x3C, 0x94, 0x3C, 0x8C, 0x3C, 0x84, 0x3C, 0xBC, 0x3C, 0xB4, 0x3C,
                0xAC, 0x3C, 0xA4, 0x3C, 0xDC, 0x3C, 0x9C, 0x9C, 0x9C, 0x9C, 0x9C, 0x9C,
                0x9C, 0x9C, 0x9C, 0x9C, 0x9C, 0x9C, 0x9C, 0x9C, 0x9C, 0x9C, 0x9C, 0x9C,
                0x9C, 0x9C, 0x9C, 0x9C, 0x9C, 0x9C, 0x9C, 0x9C, 0x9C, 0x9C, 0x9C, 0x9C,
                0x9C, 0x9C, 0x9C, 0x9C, 0x9C, 0x9C, 0x9C, 0x9C, 0x9C, 0x9C, 0x9C, 0x9C,
                0x9C, 0x9C, 0x9C, 0x9C, 0x9C, 0x9C, 0x9C, 0x9C, 0x9C, 0x9C, 0x9C, 0x9C,
                0x9C, 0x9C, 0x9C, 0x9C, 0x9C, 0x9C, 0x9C, 0x9C, 0x9C, 0x9C, 0x9C, 0x9C,
                0x9C, 0x9C, 0x9C, 0x9C, 0x9C, 0x9C, 0x9C, 0x9C, 0x9C, 0x9C, 0x9C, 0x9C,
                0x9C, 0x9C, 0x9C, 0x9C, 0x9C, 0x9C, 0x9C, 0x9C, 0x9C, 0x9C, 0x9C, 0x9C,
                0x9C, 0x9C, 0x9C, 0x9C, 0x9C, 0x9C, 0x9C, 0x9C, 0x9C, 0x9C, 0x9C, 0x9C,
                0x9C, 0x9C, 0x9C, 0x9C, 0x9C, 0x9C, 0x9C, 0x9C, 0x9C, 0x9C, 0x9C, 0x9C,
                0x9C, 0x9C, 0x9C, 0x9C, 0x9C, 0x9C, 0x9C, 0x9C, 0x9C, 0x9C, 0x9C, 0x9C,
                0x9C, 0x9C, 0x9C, 0x9C, 0x9C, 0x9C, 0x9C, 0x9C, 0x9C, 0x9C, 0x9C, 0x9C,
                0x9C, 0x9C, 0x9C, 0x9C, 0x9C, 0x9C, 0x9C, 0x9C, 0x9C, 0x9C, 0x9C, 0x9C,
                0x9C, 0x9C, 0x9C, 0x9C, 0x9C, 0x9C, 0x9C, 0x9C, 0x9C, 0x9C, 0x9C, 0x9C,
                0x9C, 0x9C, 0x9C, 0x9C, 0x9C, 0x9C, 0x9C, 0x9C, 0x9C, 0x9C, 0x9C, 0x9C,
                0x9C, 0x9C, 0x9C, 0x9C, 0x9C, 0x9C, 0x9C, 0x9C, 0x9C, 0x9C, 0x9C, 0x9C,
                0x9C, 0x9C, 0x9C, 0x9C, 0x9C, 0x9C, 0x9C, 0x9C, 0x9C, 0x9C, 0x9C, 0x9C,
                0x9C, 0x9C, 0x9C, 0x9C, 0x9C, 0x9C, 0x9C, 0x9C, 0x9C, 0x9C, 0x9C, 0x9C,
                0x9C, 0x9C, 0x9C, 0x9C, 0x9C, 0x9C, 0x9C, 0x9C, 0x9C, 0x9C, 0x9C, 0x9C,
                0x9C, 0x9C, 0x9C, 0x9C, 0x9C, 0x9C, 0x9C, 0x9C, 0x9C, 0x9C, 0x9C, 0x9C,
                0x9C, 0x9C, 0x9C, 0x9C, 0x9C, 0x9C, 0x9C, 0x9C, 0x9C, 0x9C, 0x9C, 0x9C,
                0x9C, 0x9C, 0x9C, 0x9C, 0x9C, 0x9C, 0x9C, 0x9C, 0x9C, 0x9C, 0x9C, 0x9C,
                0x9C, 0x9C, 0x9C, 0x9C, 0x9C, 0x9C, 0x9C, 0x9C, 0x9C, 0x9C, 0x9C, 0x9C,
                0x9C, 0x9C, 0x9C, 0x9C, 0x9C, 0x9C, 0x9C, 0x9C, 0x9C, 0x9C, 0x9C, 0x9C,
                0x9C, 0x9C, 0x9C, 0x9C, 0x9C, 0x9C, 0x9C, 0x9C, 0x9C, 0x9C, 0x9C, 0x9C,
                0x9C, 0x9C, 0x9C, 0x9C, 0x9C, 0x9C, 0x9C, 0x9C, 0x9C, 0x9C, 0x9C, 0x9C,
                0x9C, 0x9C, 0x9C, 0x9C, 0x9C, 0x9C, 0x9C, 0x9C, 0x9C, 0x9C, 0x9C, 0x9C,
                0x9C, 0x9C, 0x9C, 0x9C, 0x9C, 0x9C, 0x9C, 0x9C, 0x9C, 0x9C, 0x9C, 0x9C,
                0x9C, 0x9C, 0x9C, 0x9C, 0x9C, 0x9C, 0x9C, 0x9C, 0x9C, 0x9C, 0x9C, 0x9C,
                0x9C, 0x9C, 0x9C, 0x9C, 0x9C, 0x9C, 0x9C, 0x9C, 0x9C, 0x9C, 0x9C, 0x9C,
                0x9C, 0x9C, 0x9C, 0x9C, 0x9C, 0x9C, 0x9C, 0x9C, 0x9C, 0x9C, 0x9C, 0x9C,
                0x9C, 0x9C, 0x9C, 0x9C, 0x9C, 0x9C, 0x9C, 0x9C, 0x9C, 0x9C, 0x9C, 0x9C,
                0x9C, 0x9C, 0x9C, 0x9C, 0x9C, 0x9C, 0x9C, 0x9C, 0x9C, 0x9C, 0x9C, 0x9C,
                0x9C, 0x9C, 0x9C, 0x9C, 0x9C, 0x9C, 0x9C, 0x9C, 0x9C, 0x9C, 0x9C, 0x9C,
                0x9C, 0x9C, 0x9C, 0x9C, 0x9C, 0x9C, 0x9C, 0x9C, 0x9C, 0x9C, 0x9C, 0x9C,
                0x9C, 0x9C, 0x9C, 0x9C, 0x9C, 0x9C, 0x9C, 0x9C, 0x9C, 0x9C, 0x9C, 0x9C,
                0x9C, 0x9C, 0x9C, 0x9C, 0x9C, 0x9C, 0x9C, 0x9C, 0x9C, 0x9C, 0x9C, 0x9C,
                0x9C, 0x9C, 0x9C, 0x9C, 0x9C, 0x9C, 0x9C, 0x9C, 0x9C, 0x9C, 0x9C, 0x9C,
                0x9C, 0x9C, 0x9C, 0x9C
            };
            for (size_t i = 0; i < CLEAN_SZ; i++) b.push_back(x[i] ^ KEY);
        }
        return b;
    }
}

